"","DT","Temp","Site"
"1",2021-08-26,61.0641666666667,"Vertical Bay Farm"
"2",2021-08-27,60.33125,"Vertical Bay Farm"
"3",2021-08-28,60.8833333333333,"Vertical Bay Farm"
"4",2021-08-29,60.1916666666667,"Vertical Bay Farm"
"5",2021-08-30,61.0670833333333,"Vertical Bay Farm"
"6",2021-08-31,61.75375,"Vertical Bay Farm"
"7",2021-09-01,61.1020833333333,"Vertical Bay Farm"
"8",2021-09-02,60.4583333333333,"Vertical Bay Farm"
"9",2021-09-03,58.8475,"Vertical Bay Farm"
"10",2021-09-04,59.16375,"Vertical Bay Farm"
"11",2021-09-05,59.4666666666667,"Vertical Bay Farm"
"12",2021-09-06,60.3545833333333,"Vertical Bay Farm"
"13",2021-09-07,60.2454166666667,"Vertical Bay Farm"
"14",2021-09-08,60.775,"Vertical Bay Farm"
"15",2021-09-09,61.2858333333333,"Vertical Bay Farm"
"16",2021-09-10,60.845,"Vertical Bay Farm"
"17",2021-09-11,60.4795833333333,"Vertical Bay Farm"
"18",2021-09-12,60.7945833333333,"Vertical Bay Farm"
"19",2021-09-13,60.75375,"Vertical Bay Farm"
"20",2021-09-14,60.8425,"Vertical Bay Farm"
"21",2021-09-15,60.8070833333333,"Vertical Bay Farm"
"22",2021-09-16,60.7208333333333,"Vertical Bay Farm"
"23",2021-09-17,60.68875,"Vertical Bay Farm"
"24",2021-09-18,60.7754166666667,"Vertical Bay Farm"
"25",2021-09-19,60.1883333333333,"Vertical Bay Farm"
"26",2021-09-20,59.955,"Vertical Bay Farm"
"27",2021-09-21,59.9504166666667,"Vertical Bay Farm"
"28",2021-09-22,60.2666666666667,"Vertical Bay Farm"
"29",2021-09-23,60.5816666666667,"Vertical Bay Farm"
"30",2021-09-24,61.2579166666667,"Vertical Bay Farm"
"31",2021-09-25,61.6379166666667,"Vertical Bay Farm"
"32",2021-09-26,61.5104166666667,"Vertical Bay Farm"
"33",2021-09-27,60.7991666666667,"Vertical Bay Farm"
"34",2021-09-28,61.0554166666667,"Vertical Bay Farm"
"35",2021-09-29,60.3,"Vertical Bay Farm"
"36",2021-09-30,59.6520833333333,"Vertical Bay Farm"
"37",2021-10-01,59.3620833333333,"Vertical Bay Farm"
"38",2021-10-02,59.2741666666667,"Vertical Bay Farm"
"39",2021-10-03,59.0620833333333,"Vertical Bay Farm"
"40",2021-10-04,59.0833333333333,"Vertical Bay Farm"
"41",2021-10-05,59.1408333333333,"Vertical Bay Farm"
"42",2021-10-06,59.0791666666667,"Vertical Bay Farm"
"43",2021-10-07,59.1483333333333,"Vertical Bay Farm"
"44",2021-10-08,59.1404166666667,"Vertical Bay Farm"
"45",2021-10-09,58.9679166666667,"Vertical Bay Farm"
"46",2021-10-10,58.8241666666667,"Vertical Bay Farm"
"47",2021-10-11,58.7583333333333,"Vertical Bay Farm"
"48",2021-10-12,58.9604166666667,"Vertical Bay Farm"
"49",2021-10-13,59.095,"Vertical Bay Farm"
"50",2021-10-14,59.0929166666667,"Vertical Bay Farm"
"51",2021-10-15,59.50375,"Vertical Bay Farm"
"52",2021-10-16,59.4691666666667,"Vertical Bay Farm"
"53",2021-10-17,59.2754166666667,"Vertical Bay Farm"
"54",2021-10-18,58.7520833333333,"Vertical Bay Farm"
"55",2021-10-19,58.1183333333333,"Vertical Bay Farm"
"56",2021-10-20,57.9345833333333,"Vertical Bay Farm"
"57",2021-10-21,58.0045833333333,"Vertical Bay Farm"
"58",2021-10-22,58.1241666666667,"Vertical Bay Farm"
"59",2021-10-23,57.8545833333333,"Vertical Bay Farm"
"60",2021-10-24,57.3208333333333,"Vertical Bay Farm"
"61",2021-10-25,57.1979166666667,"Vertical Bay Farm"
"62",2021-10-26,57.01625,"Vertical Bay Farm"
"63",2021-10-27,56.8066666666667,"Vertical Bay Farm"
"64",2021-10-28,56.43125,"Vertical Bay Farm"
"65",2021-10-29,56.37375,"Vertical Bay Farm"
"66",2021-10-30,56.2925,"Vertical Bay Farm"
"67",2021-10-31,56.3645833333333,"Vertical Bay Farm"
"68",2021-11-01,56.3366666666667,"Vertical Bay Farm"
"69",2021-11-02,55.7454166666667,"Vertical Bay Farm"
"70",2021-11-03,55.8283333333333,"Vertical Bay Farm"
"71",2021-11-04,55.4895833333333,"Vertical Bay Farm"
"72",2021-11-05,55.2754166666667,"Vertical Bay Farm"
"73",2021-11-06,55.20875,"Vertical Bay Farm"
"74",2021-11-07,54.9716666666667,"Vertical Bay Farm"
"75",2021-11-08,54.9770833333333,"Vertical Bay Farm"
"76",2021-11-09,54.995,"Vertical Bay Farm"
"77",2021-11-10,55.0308333333333,"Vertical Bay Farm"
"78",2021-11-11,54.7725,"Vertical Bay Farm"
"79",2021-11-12,54.30625,"Vertical Bay Farm"
"80",2021-11-13,54.6495833333333,"Vertical Bay Farm"
"81",2021-11-14,54.5079166666667,"Vertical Bay Farm"
"82",2021-11-15,54.1133333333333,"Vertical Bay Farm"
"83",2021-11-16,53.57875,"Vertical Bay Farm"
"84",2021-11-17,53.4825,"Vertical Bay Farm"
"85",2021-11-18,52.8704166666667,"Vertical Bay Farm"
"86",2021-11-19,52.9329166666667,"Vertical Bay Farm"
"87",2021-11-20,52.7825,"Vertical Bay Farm"
"88",2021-11-21,52.37875,"Vertical Bay Farm"
"89",2021-11-22,52.3979166666667,"Vertical Bay Farm"
"90",2021-11-23,52.4766666666667,"Vertical Bay Farm"
"91",2021-11-24,52.52,"Vertical Bay Farm"
"92",2021-11-25,52.1391666666667,"Vertical Bay Farm"
"93",2021-11-26,52.0504166666667,"Vertical Bay Farm"
"94",2021-11-27,51.6383333333333,"Vertical Bay Farm"
"95",2021-11-28,50.9054166666667,"Vertical Bay Farm"
"96",2021-11-29,50.9316666666667,"Vertical Bay Farm"
"97",2021-11-30,50.9866666666667,"Vertical Bay Farm"
"98",2021-12-01,50.8645833333333,"Vertical Bay Farm"
"99",2021-12-02,50.165,"Vertical Bay Farm"
"100",2021-12-03,49.9716666666667,"Vertical Bay Farm"
"101",2021-12-04,49.6516666666667,"Vertical Bay Farm"
"102",2021-12-05,49.5458333333333,"Vertical Bay Farm"
"103",2021-12-06,49.4683333333333,"Vertical Bay Farm"
"104",2021-12-07,49.3591666666667,"Vertical Bay Farm"
"105",2021-12-08,48.8195833333333,"Vertical Bay Farm"
"106",2021-12-09,48.5666666666667,"Vertical Bay Farm"
"107",2021-12-10,48.2033333333333,"Vertical Bay Farm"
"108",2021-12-11,48.3479166666667,"Vertical Bay Farm"
"109",2021-12-12,48.3054166666667,"Vertical Bay Farm"
"110",2021-12-13,47.4191666666667,"Vertical Bay Farm"
"111",2021-12-14,47.4725,"Vertical Bay Farm"
"112",2021-12-15,47.7208333333333,"Vertical Bay Farm"
"113",2021-12-16,47.1833333333333,"Vertical Bay Farm"
"114",2021-12-17,47.1641666666667,"Vertical Bay Farm"
"115",2021-12-18,47.1320833333333,"Vertical Bay Farm"
"116",2021-12-19,46.89875,"Vertical Bay Farm"
"117",2021-12-20,46.6895833333333,"Vertical Bay Farm"
"118",2021-12-21,46.0991666666667,"Vertical Bay Farm"
"119",2021-12-22,45.9595833333333,"Vertical Bay Farm"
"120",2021-12-23,46.1595833333333,"Vertical Bay Farm"
"121",2021-12-24,45.8516666666667,"Vertical Bay Farm"
"122",2021-12-25,45.2945833333333,"Vertical Bay Farm"
"123",2021-12-26,44.86,"Vertical Bay Farm"
"124",2021-12-27,46.5170833333333,"Vertical Bay Farm"
"125",2021-12-28,46.07875,"Vertical Bay Farm"
"126",2021-12-29,46.205,"Vertical Bay Farm"
"127",2021-12-30,46.0533333333333,"Vertical Bay Farm"
"128",2021-12-31,46.13375,"Vertical Bay Farm"
"129",2022-01-01,46.105,"Vertical Bay Farm"
"130",2022-01-02,46.0958333333333,"Vertical Bay Farm"
"131",2022-01-03,45.47125,"Vertical Bay Farm"
"132",2022-01-04,44.8570833333333,"Vertical Bay Farm"
"133",2022-01-05,44.5295833333333,"Vertical Bay Farm"
"134",2022-01-06,44.5091666666667,"Vertical Bay Farm"
"135",2022-01-07,44.0570833333333,"Vertical Bay Farm"
"136",2022-01-08,43.88875,"Vertical Bay Farm"
"137",2022-01-09,43.5779166666667,"Vertical Bay Farm"
"138",2022-01-10,43.3079166666667,"Vertical Bay Farm"
"139",2022-01-11,42.5541666666667,"Vertical Bay Farm"
"140",2022-01-12,42.0904166666667,"Vertical Bay Farm"
"141",2022-01-13,41.9083333333333,"Vertical Bay Farm"
"142",2022-01-14,42.20125,"Vertical Bay Farm"
"143",2022-01-15,41.72375,"Vertical Bay Farm"
"144",2022-01-16,40.9570833333333,"Vertical Bay Farm"
"145",2022-01-17,40.9004166666667,"Vertical Bay Farm"
"146",2022-01-18,40.9183333333333,"Vertical Bay Farm"
"147",2022-01-19,40.0545833333333,"Vertical Bay Farm"
"148",2022-01-20,40.2558333333333,"Vertical Bay Farm"
"149",2022-01-21,39.6525,"Vertical Bay Farm"
"150",2022-01-22,39.1804166666667,"Vertical Bay Farm"
"151",2022-01-23,39.0841666666667,"Vertical Bay Farm"
"152",2022-01-24,38.95625,"Vertical Bay Farm"
"153",2022-01-25,38.9925,"Vertical Bay Farm"
"154",2022-01-26,39.065,"Vertical Bay Farm"
"155",2022-01-27,38.765,"Vertical Bay Farm"
"156",2022-01-28,38.4325,"Vertical Bay Farm"
"157",2022-01-29,37.6920833333333,"Vertical Bay Farm"
"158",2022-01-30,37.2325,"Vertical Bay Farm"
"159",2022-01-31,37.34,"Vertical Bay Farm"
"160",2022-02-01,37.0741666666667,"Vertical Bay Farm"
"161",2022-02-02,37.1383333333333,"Vertical Bay Farm"
"162",2022-02-03,37.1541666666667,"Vertical Bay Farm"
"163",2022-02-04,36.5466666666667,"Vertical Bay Farm"
"164",2022-02-05,36.1295833333333,"Vertical Bay Farm"
"165",2022-02-06,36.15875,"Vertical Bay Farm"
"166",2022-02-07,36.01,"Vertical Bay Farm"
"167",2022-02-08,35.97,"Vertical Bay Farm"
"168",2022-02-09,36.0754166666667,"Vertical Bay Farm"
"169",2021-08-26,57.4385714285714,"Acadia Aqua Farm"
"170",2021-08-27,56.6083333333333,"Acadia Aqua Farm"
"171",2021-08-28,56.0175,"Acadia Aqua Farm"
"172",2021-08-29,55.7266666666667,"Acadia Aqua Farm"
"173",2021-08-30,55.9595833333333,"Acadia Aqua Farm"
"174",2021-08-31,55.9520833333333,"Acadia Aqua Farm"
"175",2021-09-01,55.7545833333333,"Acadia Aqua Farm"
"176",2021-09-02,56.3216666666667,"Acadia Aqua Farm"
"177",2021-09-03,55.36125,"Acadia Aqua Farm"
"178",2021-09-04,55.6520833333333,"Acadia Aqua Farm"
"179",2021-09-05,56.3358333333333,"Acadia Aqua Farm"
"180",2021-09-06,56.8416666666667,"Acadia Aqua Farm"
"181",2021-09-07,56.8858333333333,"Acadia Aqua Farm"
"182",2021-09-08,57.01625,"Acadia Aqua Farm"
"183",2021-09-09,57.5604166666667,"Acadia Aqua Farm"
"184",2021-09-10,57.8579166666667,"Acadia Aqua Farm"
"185",2021-09-11,57.14125,"Acadia Aqua Farm"
"186",2021-09-12,57.0758333333333,"Acadia Aqua Farm"
"187",2021-09-13,57.31,"Acadia Aqua Farm"
"188",2021-09-14,56.76125,"Acadia Aqua Farm"
"189",2021-09-15,56.7945833333333,"Acadia Aqua Farm"
"190",2021-09-16,57.3125,"Acadia Aqua Farm"
"191",2021-09-17,57.1616666666667,"Acadia Aqua Farm"
"192",2021-09-18,57.14625,"Acadia Aqua Farm"
"193",2021-09-19,56.9854166666667,"Acadia Aqua Farm"
"194",2021-09-20,56.8383333333333,"Acadia Aqua Farm"
"195",2021-09-21,57.2058333333333,"Acadia Aqua Farm"
"196",2021-09-22,57.5358333333333,"Acadia Aqua Farm"
"197",2021-09-23,57.7958333333333,"Acadia Aqua Farm"
"198",2021-09-24,58.12375,"Acadia Aqua Farm"
"199",2021-09-25,58.2254166666667,"Acadia Aqua Farm"
"200",2021-09-26,57.7820833333333,"Acadia Aqua Farm"
"201",2021-09-27,57.0283333333333,"Acadia Aqua Farm"
"202",2021-09-28,57.2116666666667,"Acadia Aqua Farm"
"203",2021-09-29,56.7758333333333,"Acadia Aqua Farm"
"204",2021-09-30,56.4683333333333,"Acadia Aqua Farm"
"205",2021-10-01,56.4720833333333,"Acadia Aqua Farm"
"206",2021-10-02,56.5375,"Acadia Aqua Farm"
"207",2021-10-03,56.6183333333333,"Acadia Aqua Farm"
"208",2021-10-04,56.7179166666667,"Acadia Aqua Farm"
"209",2021-10-05,56.8233333333333,"Acadia Aqua Farm"
"210",2021-10-06,56.9383333333333,"Acadia Aqua Farm"
"211",2021-10-07,57.0891666666667,"Acadia Aqua Farm"
"212",2021-10-08,57.18,"Acadia Aqua Farm"
"213",2021-10-09,57.3725,"Acadia Aqua Farm"
"214",2021-10-10,57.33625,"Acadia Aqua Farm"
"215",2021-10-11,57.21375,"Acadia Aqua Farm"
"216",2021-10-12,57.3,"Acadia Aqua Farm"
"217",2021-10-13,57.2475,"Acadia Aqua Farm"
"218",2021-10-14,57.2529166666667,"Acadia Aqua Farm"
"219",2021-10-15,57.3175,"Acadia Aqua Farm"
"220",2021-10-16,57.3016666666667,"Acadia Aqua Farm"
"221",2021-10-17,57.6158333333333,"Acadia Aqua Farm"
"222",2021-10-18,57.6133333333333,"Acadia Aqua Farm"
"223",2021-10-19,57.38875,"Acadia Aqua Farm"
"224",2021-10-20,57.07125,"Acadia Aqua Farm"
"225",2021-10-21,56.9575,"Acadia Aqua Farm"
"226",2021-10-22,57.0016666666667,"Acadia Aqua Farm"
"227",2021-10-23,56.9929166666667,"Acadia Aqua Farm"
"228",2021-10-24,56.6629166666667,"Acadia Aqua Farm"
"229",2021-10-25,56.4375,"Acadia Aqua Farm"
"230",2021-10-26,56.2595833333333,"Acadia Aqua Farm"
"231",2021-10-27,55.7716666666667,"Acadia Aqua Farm"
"232",2021-10-28,55.5320833333333,"Acadia Aqua Farm"
"233",2021-10-29,55.42375,"Acadia Aqua Farm"
"234",2021-10-30,55.405,"Acadia Aqua Farm"
"235",2021-10-31,55.16,"Acadia Aqua Farm"
"236",2021-11-01,55.1729166666667,"Acadia Aqua Farm"
"237",2021-11-02,55.3179166666667,"Acadia Aqua Farm"
"238",2021-11-03,55.265,"Acadia Aqua Farm"
"239",2021-11-04,55.0291666666667,"Acadia Aqua Farm"
"240",2021-11-05,54.8291666666667,"Acadia Aqua Farm"
"241",2021-11-06,54.32625,"Acadia Aqua Farm"
"242",2021-11-07,54.1320833333333,"Acadia Aqua Farm"
"243",2021-11-08,54.0295833333333,"Acadia Aqua Farm"
"244",2021-11-09,53.9766666666667,"Acadia Aqua Farm"
"245",2021-11-10,53.8429166666667,"Acadia Aqua Farm"
"246",2021-11-11,53.36875,"Acadia Aqua Farm"
"247",2021-11-12,53.44375,"Acadia Aqua Farm"
"248",2021-11-13,53.3054166666667,"Acadia Aqua Farm"
"249",2021-11-14,53.0833333333333,"Acadia Aqua Farm"
"250",2021-11-15,53.01875,"Acadia Aqua Farm"
"251",2021-11-16,52.5633333333333,"Acadia Aqua Farm"
"252",2021-11-17,52.4216666666667,"Acadia Aqua Farm"
"253",2021-11-18,52.2679166666667,"Acadia Aqua Farm"
"254",2021-11-19,52.0641666666667,"Acadia Aqua Farm"
"255",2021-11-20,51.8104166666667,"Acadia Aqua Farm"
"256",2021-11-21,51.7583333333333,"Acadia Aqua Farm"
"257",2021-11-22,51.41125,"Acadia Aqua Farm"
"258",2021-11-23,50.985,"Acadia Aqua Farm"
"259",2021-11-24,50.7516666666667,"Acadia Aqua Farm"
"260",2021-11-25,50.26,"Acadia Aqua Farm"
"261",2021-11-26,49.9654166666667,"Acadia Aqua Farm"
"262",2021-11-27,49.6945833333333,"Acadia Aqua Farm"
"263",2021-11-28,49.2325,"Acadia Aqua Farm"
"264",2021-11-29,48.82625,"Acadia Aqua Farm"
"265",2021-11-30,48.3533333333333,"Acadia Aqua Farm"
"266",2021-12-01,47.8975,"Acadia Aqua Farm"
"267",2021-12-02,47.55375,"Acadia Aqua Farm"
"268",2021-12-03,47.5020833333333,"Acadia Aqua Farm"
"269",2021-12-04,47.3875,"Acadia Aqua Farm"
"270",2021-12-05,46.8870833333333,"Acadia Aqua Farm"
"271",2021-12-06,46.45625,"Acadia Aqua Farm"
"272",2021-12-07,46.5458333333333,"Acadia Aqua Farm"
"273",2021-12-08,46.34875,"Acadia Aqua Farm"
"274",2021-12-09,45.7983333333333,"Acadia Aqua Farm"
"275",2021-12-10,45.58625,"Acadia Aqua Farm"
"276",2021-12-11,45.17875,"Acadia Aqua Farm"
"277",2021-12-12,45.6104166666667,"Acadia Aqua Farm"
"278",2021-12-13,45.51125,"Acadia Aqua Farm"
"279",2021-12-14,45.3458333333333,"Acadia Aqua Farm"
"280",2021-12-15,45.2358333333333,"Acadia Aqua Farm"
"281",2021-12-16,45.17875,"Acadia Aqua Farm"
"282",2021-12-17,45.1016666666667,"Acadia Aqua Farm"
"283",2021-12-18,44.9029166666667,"Acadia Aqua Farm"
"284",2021-12-19,44.80875,"Acadia Aqua Farm"
"285",2021-12-20,44.5308333333333,"Acadia Aqua Farm"
"286",2021-12-21,44.34875,"Acadia Aqua Farm"
"287",2021-12-22,44.3066666666667,"Acadia Aqua Farm"
"288",2021-12-23,44.2541666666667,"Acadia Aqua Farm"
"289",2021-12-24,43.9529166666667,"Acadia Aqua Farm"
"290",2021-12-25,43.3958333333333,"Acadia Aqua Farm"
"291",2021-12-26,43.3004166666667,"Acadia Aqua Farm"
"292",2021-12-27,42.8525,"Acadia Aqua Farm"
"293",2021-12-28,42.7554166666667,"Acadia Aqua Farm"
"294",2021-12-29,42.33,"Acadia Aqua Farm"
"295",2021-12-30,42.5833333333333,"Acadia Aqua Farm"
"296",2021-12-31,42.76625,"Acadia Aqua Farm"
"297",2022-01-01,42.9133333333333,"Acadia Aqua Farm"
"298",2022-01-02,42.9829166666667,"Acadia Aqua Farm"
"299",2022-01-03,42.71875,"Acadia Aqua Farm"
"300",2022-01-04,42.6495833333333,"Acadia Aqua Farm"
"301",2022-01-05,42.3925,"Acadia Aqua Farm"
"302",2022-01-06,42.0641666666667,"Acadia Aqua Farm"
"303",2022-01-07,41.73875,"Acadia Aqua Farm"
"304",2022-01-08,41.6545833333333,"Acadia Aqua Farm"
"305",2022-01-09,41.4116666666667,"Acadia Aqua Farm"
"306",2022-01-10,41.2533333333333,"Acadia Aqua Farm"
"307",2022-01-11,41.03875,"Acadia Aqua Farm"
"308",2022-01-12,40.66875,"Acadia Aqua Farm"
"309",2022-01-13,40.175,"Acadia Aqua Farm"
"310",2022-01-14,39.4691666666667,"Acadia Aqua Farm"
"311",2022-01-15,39.1558333333333,"Acadia Aqua Farm"
"312",2022-01-16,39.45875,"Acadia Aqua Farm"
"313",2022-01-17,38.9525,"Acadia Aqua Farm"
"314",2022-01-18,37.9766666666667,"Acadia Aqua Farm"
"315",2022-01-19,38.28,"Acadia Aqua Farm"
"316",2022-01-20,37.7691666666667,"Acadia Aqua Farm"
"317",2022-01-21,37.03875,"Acadia Aqua Farm"
"318",2022-01-22,36.8770833333333,"Acadia Aqua Farm"
"319",2022-01-23,36.42,"Acadia Aqua Farm"
"320",2022-01-24,35.9495833333333,"Acadia Aqua Farm"
"321",2022-01-25,35.7454166666667,"Acadia Aqua Farm"
"322",2022-01-26,35.59,"Acadia Aqua Farm"
"323",2022-01-27,35.7379166666667,"Acadia Aqua Farm"
"324",2022-01-28,35.3716666666667,"Acadia Aqua Farm"
"325",2022-01-29,34.69,"Acadia Aqua Farm"
"326",2022-01-30,34.8779166666667,"Acadia Aqua Farm"
"327",2022-01-31,34.7833333333333,"Acadia Aqua Farm"
"328",2022-02-01,34.14375,"Acadia Aqua Farm"
"329",2022-02-02,34.1491666666667,"Acadia Aqua Farm"
"330",2022-02-03,34.28125,"Acadia Aqua Farm"
"331",2022-02-04,33.7783333333333,"Acadia Aqua Farm"
"332",2022-02-05,33.3516666666667,"Acadia Aqua Farm"
"333",2022-02-06,33.4991666666667,"Acadia Aqua Farm"
"334",2022-02-07,33.9216666666667,"Acadia Aqua Farm"
"335",2022-02-08,33.94,"Acadia Aqua Farm"
"336",2022-02-09,33.8670833333333,"Acadia Aqua Farm"
"337",2021-08-04,61.8608333333333,"Vertical Bay Farm"
"338",2021-08-05,59.4229166666667,"Vertical Bay Farm"
"339",2021-08-06,60.4754166666667,"Vertical Bay Farm"
"340",2021-08-07,59.6579166666667,"Vertical Bay Farm"
"341",2021-08-08,59.2433333333333,"Vertical Bay Farm"
"342",2021-08-09,60.0095833333333,"Vertical Bay Farm"
"343",2021-08-10,59.4583333333333,"Vertical Bay Farm"
"344",2021-08-11,59.5966666666667,"Vertical Bay Farm"
"345",2021-08-12,58.7333333333333,"Vertical Bay Farm"
"346",2021-08-13,58.5516666666667,"Vertical Bay Farm"
"347",2021-08-14,58.5041666666667,"Vertical Bay Farm"
"348",2021-08-15,57.9554166666667,"Vertical Bay Farm"
"349",2021-08-16,57.6220833333333,"Vertical Bay Farm"
"350",2021-08-17,58.0145833333333,"Vertical Bay Farm"
"351",2021-08-18,58.73375,"Vertical Bay Farm"
"352",2021-08-19,59.0541666666667,"Vertical Bay Farm"
"353",2021-08-20,59.0308333333333,"Vertical Bay Farm"
"354",2021-08-21,59.0441666666667,"Vertical Bay Farm"
"355",2021-08-22,59.2895833333333,"Vertical Bay Farm"
"356",2021-08-23,59.3395833333333,"Vertical Bay Farm"
"357",2021-08-24,58.9704166666667,"Vertical Bay Farm"
"358",2021-08-25,58.81375,"Vertical Bay Farm"
"359",2021-08-26,59.0195833333333,"Vertical Bay Farm"
"360",2021-08-27,59.1283333333333,"Vertical Bay Farm"
"361",2021-08-28,58.94625,"Vertical Bay Farm"
"362",2021-08-29,59.00625,"Vertical Bay Farm"
"363",2021-08-30,59.07375,"Vertical Bay Farm"
"364",2021-08-31,59.9416666666667,"Vertical Bay Farm"
"365",2021-09-01,60.8408333333333,"Vertical Bay Farm"
"366",2021-09-02,59.6454166666667,"Vertical Bay Farm"
"367",2021-09-03,58.3958333333333,"Vertical Bay Farm"
"368",2021-09-04,58.7075,"Vertical Bay Farm"
"369",2021-09-05,58.8966666666667,"Vertical Bay Farm"
"370",2021-09-06,59.4379166666667,"Vertical Bay Farm"
"371",2021-09-07,59.81125,"Vertical Bay Farm"
"372",2021-09-08,60.7,"Vertical Bay Farm"
"373",2021-09-09,61.08875,"Vertical Bay Farm"
"374",2021-09-10,60.65,"Vertical Bay Farm"
"375",2021-09-11,60.2333333333333,"Vertical Bay Farm"
"376",2021-09-12,60.5383333333333,"Vertical Bay Farm"
"377",2021-09-13,60.5325,"Vertical Bay Farm"
"378",2021-09-14,60.625,"Vertical Bay Farm"
"379",2021-09-15,60.6679166666667,"Vertical Bay Farm"
"380",2021-09-16,60.5625,"Vertical Bay Farm"
"381",2021-09-17,60.64,"Vertical Bay Farm"
"382",2021-09-18,60.6379166666667,"Vertical Bay Farm"
"383",2021-09-19,60.0216666666667,"Vertical Bay Farm"
"384",2021-09-20,59.79125,"Vertical Bay Farm"
"385",2021-09-21,59.86375,"Vertical Bay Farm"
"386",2021-09-22,60.26625,"Vertical Bay Farm"
"387",2021-09-23,60.5858333333333,"Vertical Bay Farm"
"388",2021-09-24,61.16875,"Vertical Bay Farm"
"389",2021-09-25,61.53,"Vertical Bay Farm"
"390",2021-09-26,61.4920833333333,"Vertical Bay Farm"
"391",2021-09-27,60.8220833333333,"Vertical Bay Farm"
"392",2021-09-28,60.8725,"Vertical Bay Farm"
"393",2021-09-29,60.06875,"Vertical Bay Farm"
"394",2021-09-30,59.4154166666667,"Vertical Bay Farm"
"395",2021-10-01,59.13875,"Vertical Bay Farm"
"396",2021-10-02,59.0616666666667,"Vertical Bay Farm"
"397",2021-10-03,58.865,"Vertical Bay Farm"
"398",2021-10-04,58.8533333333333,"Vertical Bay Farm"
"399",2021-10-05,58.9691666666667,"Vertical Bay Farm"
"400",2021-10-06,58.9191666666667,"Vertical Bay Farm"
"401",2021-10-07,58.96625,"Vertical Bay Farm"
"402",2021-10-08,58.9495833333333,"Vertical Bay Farm"
"403",2021-10-09,58.76875,"Vertical Bay Farm"
"404",2021-10-10,58.6141666666667,"Vertical Bay Farm"
"405",2021-10-11,58.5670833333333,"Vertical Bay Farm"
"406",2021-10-12,58.6366666666667,"Vertical Bay Farm"
"407",2021-10-13,58.73,"Vertical Bay Farm"
"408",2021-10-14,58.7625,"Vertical Bay Farm"
"409",2021-10-15,59.1529166666667,"Vertical Bay Farm"
"410",2021-10-16,59.2025,"Vertical Bay Farm"
"411",2021-10-17,59.0216666666667,"Vertical Bay Farm"
"412",2021-10-18,58.54875,"Vertical Bay Farm"
"413",2021-10-19,57.9195833333333,"Vertical Bay Farm"
"414",2021-10-20,57.7645833333333,"Vertical Bay Farm"
"415",2021-10-21,57.8020833333333,"Vertical Bay Farm"
"416",2021-10-22,57.8616666666667,"Vertical Bay Farm"
"417",2021-10-23,57.65625,"Vertical Bay Farm"
"418",2021-10-24,57.1629166666667,"Vertical Bay Farm"
"419",2021-10-25,57.02375,"Vertical Bay Farm"
"420",2021-10-26,56.8583333333333,"Vertical Bay Farm"
"421",2021-10-27,56.6141666666667,"Vertical Bay Farm"
"422",2021-10-28,56.2375,"Vertical Bay Farm"
"423",2021-10-29,56.1754166666667,"Vertical Bay Farm"
"424",2021-10-30,56.095,"Vertical Bay Farm"
"425",2021-10-31,56.1675,"Vertical Bay Farm"
"426",2021-11-01,56.1375,"Vertical Bay Farm"
"427",2021-11-02,55.7758333333333,"Vertical Bay Farm"
"428",2021-11-03,55.7433333333333,"Vertical Bay Farm"
"429",2021-11-04,55.3591666666667,"Vertical Bay Farm"
"430",2021-11-05,55.1579166666667,"Vertical Bay Farm"
"431",2021-11-06,55.1129166666667,"Vertical Bay Farm"
"432",2021-11-07,54.87625,"Vertical Bay Farm"
"433",2021-11-08,54.87375,"Vertical Bay Farm"
"434",2021-11-09,54.87875,"Vertical Bay Farm"
"435",2021-11-10,54.8845833333333,"Vertical Bay Farm"
"436",2021-11-11,54.6558333333333,"Vertical Bay Farm"
"437",2021-11-12,54.2083333333333,"Vertical Bay Farm"
"438",2021-11-13,54.4595833333333,"Vertical Bay Farm"
"439",2021-11-14,54.3804166666667,"Vertical Bay Farm"
"440",2021-11-15,54.0533333333333,"Vertical Bay Farm"
"441",2021-11-16,53.6633333333333,"Vertical Bay Farm"
"442",2021-11-17,53.50375,"Vertical Bay Farm"
"443",2021-11-18,53.0058333333333,"Vertical Bay Farm"
"444",2021-11-19,52.88625,"Vertical Bay Farm"
"445",2021-11-20,52.8629166666667,"Vertical Bay Farm"
"446",2021-11-21,52.5045833333333,"Vertical Bay Farm"
"447",2021-11-22,52.28125,"Vertical Bay Farm"
"448",2021-11-23,52.4741666666667,"Vertical Bay Farm"
"449",2021-11-24,52.32625,"Vertical Bay Farm"
"450",2021-11-25,52.0829166666667,"Vertical Bay Farm"
"451",2021-11-26,52.1116666666667,"Vertical Bay Farm"
"452",2021-11-27,51.6804166666667,"Vertical Bay Farm"
"453",2021-11-28,50.9141666666667,"Vertical Bay Farm"
"454",2021-11-29,51.13,"Vertical Bay Farm"
"455",2021-11-30,50.9658333333333,"Vertical Bay Farm"
"456",2021-12-01,51.0141666666667,"Vertical Bay Farm"
"457",2021-12-02,50.1420833333333,"Vertical Bay Farm"
"458",2021-12-03,49.91625,"Vertical Bay Farm"
"459",2021-12-04,49.5991666666667,"Vertical Bay Farm"
"460",2021-12-05,49.5041666666667,"Vertical Bay Farm"
"461",2021-12-06,49.335,"Vertical Bay Farm"
"462",2021-12-07,49.1991666666667,"Vertical Bay Farm"
"463",2021-12-08,48.64875,"Vertical Bay Farm"
"464",2021-12-09,48.3991666666667,"Vertical Bay Farm"
"465",2021-12-10,48.0404166666667,"Vertical Bay Farm"
"466",2021-12-11,48.2070833333333,"Vertical Bay Farm"
"467",2021-12-12,48.1275,"Vertical Bay Farm"
"468",2021-12-13,47.5241666666667,"Vertical Bay Farm"
"469",2021-12-14,47.5654166666667,"Vertical Bay Farm"
"470",2021-12-15,47.77875,"Vertical Bay Farm"
"471",2021-12-16,47.55625,"Vertical Bay Farm"
"472",2021-12-17,47.3191666666667,"Vertical Bay Farm"
"473",2021-12-18,47.36125,"Vertical Bay Farm"
"474",2021-12-19,47.0783333333333,"Vertical Bay Farm"
"475",2021-12-20,46.7633333333333,"Vertical Bay Farm"
"476",2021-12-21,46.62625,"Vertical Bay Farm"
"477",2021-12-22,46.02,"Vertical Bay Farm"
"478",2021-12-23,46.1229166666667,"Vertical Bay Farm"
"479",2021-12-24,46.14375,"Vertical Bay Farm"
"480",2021-12-25,46.4033333333333,"Vertical Bay Farm"
"481",2021-12-26,46.3429166666667,"Vertical Bay Farm"
"482",2021-12-27,46.5508333333333,"Vertical Bay Farm"
"483",2021-12-28,46.3658333333333,"Vertical Bay Farm"
"484",2021-12-29,46.2583333333333,"Vertical Bay Farm"
"485",2021-12-30,46.12625,"Vertical Bay Farm"
"486",2021-12-31,46.0829166666667,"Vertical Bay Farm"
"487",2022-01-01,46.04,"Vertical Bay Farm"
"488",2022-01-02,45.9729166666667,"Vertical Bay Farm"
"489",2022-01-03,45.3029166666667,"Vertical Bay Farm"
"490",2022-01-04,44.6333333333333,"Vertical Bay Farm"
"491",2022-01-05,44.3741666666667,"Vertical Bay Farm"
"492",2022-01-06,44.24875,"Vertical Bay Farm"
"493",2022-01-07,43.8729166666667,"Vertical Bay Farm"
"494",2022-01-08,43.7320833333333,"Vertical Bay Farm"
"495",2022-01-09,43.4479166666667,"Vertical Bay Farm"
"496",2022-01-10,43.0941666666667,"Vertical Bay Farm"
"497",2022-01-11,42.6654166666667,"Vertical Bay Farm"
"498",2022-01-12,42.115,"Vertical Bay Farm"
"499",2022-01-13,42.0804166666667,"Vertical Bay Farm"
"500",2022-01-14,42.2304166666667,"Vertical Bay Farm"
"501",2022-01-15,41.4366666666667,"Vertical Bay Farm"
"502",2022-01-16,40.9258333333333,"Vertical Bay Farm"
"503",2022-01-17,40.72,"Vertical Bay Farm"
"504",2022-01-18,40.6733333333333,"Vertical Bay Farm"
"505",2022-01-19,40.0929166666667,"Vertical Bay Farm"
"506",2022-01-20,40.2708333333333,"Vertical Bay Farm"
"507",2022-01-21,39.4220833333333,"Vertical Bay Farm"
"508",2022-01-22,38.8491666666667,"Vertical Bay Farm"
"509",2022-01-23,38.7458333333333,"Vertical Bay Farm"
"510",2022-01-24,38.9270833333333,"Vertical Bay Farm"
"511",2022-01-25,39.2483333333333,"Vertical Bay Farm"
"512",2022-01-26,39.2154166666667,"Vertical Bay Farm"
"513",2022-01-27,38.7070833333333,"Vertical Bay Farm"
"514",2022-01-28,38.2916666666667,"Vertical Bay Farm"
"515",2022-01-29,37.4383333333333,"Vertical Bay Farm"
"516",2022-01-30,36.75375,"Vertical Bay Farm"
"517",2022-01-31,37.0575,"Vertical Bay Farm"
"518",2022-02-01,36.9695833333333,"Vertical Bay Farm"
"519",2022-02-02,36.915,"Vertical Bay Farm"
"520",2022-02-03,36.6133333333333,"Vertical Bay Farm"
"521",2022-02-04,36.3325,"Vertical Bay Farm"
"522",2022-02-05,35.86125,"Vertical Bay Farm"
"523",2022-02-06,35.7491666666667,"Vertical Bay Farm"
"524",2022-02-07,35.4075,"Vertical Bay Farm"
"525",2022-02-08,35.545,"Vertical Bay Farm"
"526",2022-02-09,35.4829166666667,"Vertical Bay Farm"
"527",2022-02-10,35.3566666666667,"Vertical Bay Farm"
"528",2022-02-11,35.3245833333333,"Vertical Bay Farm"
"529",2022-02-12,35.4591666666667,"Vertical Bay Farm"
"530",2022-02-13,35.63875,"Vertical Bay Farm"
"531",2022-02-14,35.65125,"Vertical Bay Farm"
"532",2022-02-15,35.2533333333333,"Vertical Bay Farm"
"533",2022-02-16,35.32125,"Vertical Bay Farm"
"534",2022-02-17,35.5883333333333,"Vertical Bay Farm"
"535",2022-02-18,36.0058333333333,"Vertical Bay Farm"
"536",2022-02-19,35.8133333333333,"Vertical Bay Farm"
"537",2022-02-20,35.61125,"Vertical Bay Farm"
"538",2022-02-21,35.5820833333333,"Vertical Bay Farm"
"539",2022-02-22,35.8804166666667,"Vertical Bay Farm"
"540",2022-02-23,36.04125,"Vertical Bay Farm"
"541",2022-02-24,36.40875,"Vertical Bay Farm"
"542",2022-02-25,36.4891666666667,"Vertical Bay Farm"
"543",2022-02-26,36.17,"Vertical Bay Farm"
"544",2022-02-27,35.96375,"Vertical Bay Farm"
"545",2022-02-28,35.8541666666667,"Vertical Bay Farm"
"546",2022-03-01,36.0283333333333,"Vertical Bay Farm"
"547",2022-03-02,35.9004166666667,"Vertical Bay Farm"
"548",2022-03-03,36.15125,"Vertical Bay Farm"
"549",2022-03-04,36.3408333333333,"Vertical Bay Farm"
"550",2022-03-05,36.1770833333333,"Vertical Bay Farm"
"551",2022-03-06,36.15875,"Vertical Bay Farm"
"552",2022-03-07,36.0870833333333,"Vertical Bay Farm"
"553",2022-03-08,36.31375,"Vertical Bay Farm"
"554",2022-03-09,36.5054166666667,"Vertical Bay Farm"
"555",2022-03-10,36.7533333333333,"Vertical Bay Farm"
"556",2022-03-11,36.8920833333333,"Vertical Bay Farm"
"557",2022-03-12,37.1570833333333,"Vertical Bay Farm"
"558",2022-03-13,37.2983333333333,"Vertical Bay Farm"
"559",2022-03-14,37.0933333333333,"Vertical Bay Farm"
"560",2022-03-15,37.1041666666667,"Vertical Bay Farm"
"561",2022-03-16,37.3116666666667,"Vertical Bay Farm"
"562",2022-03-17,37.38,"Vertical Bay Farm"
"563",2022-03-18,37.4695833333333,"Vertical Bay Farm"
"564",2022-03-19,37.7141666666667,"Vertical Bay Farm"
"565",2022-03-20,37.9645833333333,"Vertical Bay Farm"
"566",2022-03-21,38.06375,"Vertical Bay Farm"
"567",2022-03-22,38.15625,"Vertical Bay Farm"
"568",2022-03-23,38.1654166666667,"Vertical Bay Farm"
"569",2022-03-24,38.21875,"Vertical Bay Farm"
"570",2022-03-25,38.34125,"Vertical Bay Farm"
"571",2022-03-26,38.4270833333333,"Vertical Bay Farm"
"572",2022-03-27,38.4983333333333,"Vertical Bay Farm"
"573",2022-03-28,38.6658333333333,"Vertical Bay Farm"
"574",2022-03-29,38.8695833333333,"Vertical Bay Farm"
"575",2022-03-30,39.0745833333333,"Vertical Bay Farm"
"576",2022-03-31,38.9708333333333,"Vertical Bay Farm"
"577",2022-04-01,38.9333333333333,"Vertical Bay Farm"
"578",2022-04-02,39.0954166666667,"Vertical Bay Farm"
"579",2022-04-03,39.1704166666667,"Vertical Bay Farm"
"580",2022-04-04,39.2829166666667,"Vertical Bay Farm"
"581",2022-04-05,39.3779166666667,"Vertical Bay Farm"
"582",2022-04-06,39.41125,"Vertical Bay Farm"
"583",2022-04-07,39.48,"Vertical Bay Farm"
"584",2022-04-08,39.8275,"Vertical Bay Farm"
"585",2022-04-09,39.9604166666667,"Vertical Bay Farm"
"586",2022-04-10,40.0116666666667,"Vertical Bay Farm"
"587",2022-04-11,39.8416666666667,"Vertical Bay Farm"
"588",2022-04-12,39.845,"Vertical Bay Farm"
"589",2022-04-13,39.9041666666667,"Vertical Bay Farm"
"590",2022-04-14,40.0204166666667,"Vertical Bay Farm"
"591",2022-04-15,40.1879166666667,"Vertical Bay Farm"
"592",2022-04-16,40.7858333333333,"Vertical Bay Farm"
"593",2022-04-17,41.0479166666667,"Vertical Bay Farm"
"594",2022-04-18,40.8791666666667,"Vertical Bay Farm"
"595",2022-04-19,41.0208333333333,"Vertical Bay Farm"
"596",2022-04-20,41.1579166666667,"Vertical Bay Farm"
"597",2022-04-21,41.2854166666667,"Vertical Bay Farm"
"598",2022-04-22,41.7004166666667,"Vertical Bay Farm"
"599",2022-04-23,41.30875,"Vertical Bay Farm"
"600",2022-04-24,41.1233333333333,"Vertical Bay Farm"
"601",2022-04-25,41.15125,"Vertical Bay Farm"
"602",2022-04-26,41.4729166666667,"Vertical Bay Farm"
"603",2022-04-27,41.6233333333333,"Vertical Bay Farm"
"604",2022-04-28,41.5454166666667,"Vertical Bay Farm"
"605",2022-04-29,41.7633333333333,"Vertical Bay Farm"
"606",2022-04-30,41.9095833333333,"Vertical Bay Farm"
"607",2022-05-01,42.0795833333333,"Vertical Bay Farm"
"608",2022-05-02,42.1845833333333,"Vertical Bay Farm"
"609",2022-05-03,42.2770833333333,"Vertical Bay Farm"
"610",2022-05-04,42.4220833333333,"Vertical Bay Farm"
"611",2022-05-05,42.4466666666667,"Vertical Bay Farm"
"612",2022-05-06,42.4645833333333,"Vertical Bay Farm"
"613",2022-05-07,42.49125,"Vertical Bay Farm"
"614",2022-05-08,42.5341666666667,"Vertical Bay Farm"
"615",2022-05-09,42.5508333333333,"Vertical Bay Farm"
"616",2022-05-10,42.5695833333333,"Vertical Bay Farm"
"617",2022-05-11,42.5711111111111,"Vertical Bay Farm"
"618",2021-08-26,58.5714285714286,"Acadia Aqua Farm"
"619",2021-08-27,57.4520833333333,"Acadia Aqua Farm"
"620",2021-08-28,56.9979166666667,"Acadia Aqua Farm"
"621",2021-08-29,56.3079166666667,"Acadia Aqua Farm"
"622",2021-08-30,56.7791666666667,"Acadia Aqua Farm"
"623",2021-08-31,56.775,"Acadia Aqua Farm"
"624",2021-09-01,56.4370833333333,"Acadia Aqua Farm"
"625",2021-09-02,57.285,"Acadia Aqua Farm"
"626",2021-09-03,55.7775,"Acadia Aqua Farm"
"627",2021-09-04,56.2058333333333,"Acadia Aqua Farm"
"628",2021-09-05,56.9391666666667,"Acadia Aqua Farm"
"629",2021-09-06,57.4204166666667,"Acadia Aqua Farm"
"630",2021-09-07,57.5529166666667,"Acadia Aqua Farm"
"631",2021-09-08,57.6804166666667,"Acadia Aqua Farm"
"632",2021-09-09,58.2041666666667,"Acadia Aqua Farm"
"633",2021-09-10,58.555,"Acadia Aqua Farm"
"634",2021-09-11,57.7641666666667,"Acadia Aqua Farm"
"635",2021-09-12,57.60875,"Acadia Aqua Farm"
"636",2021-09-13,57.84,"Acadia Aqua Farm"
"637",2021-09-14,57.3175,"Acadia Aqua Farm"
"638",2021-09-15,57.30875,"Acadia Aqua Farm"
"639",2021-09-16,58.0504166666667,"Acadia Aqua Farm"
"640",2021-09-17,57.6820833333333,"Acadia Aqua Farm"
"641",2021-09-18,57.8341666666667,"Acadia Aqua Farm"
"642",2021-09-19,57.7170833333333,"Acadia Aqua Farm"
"643",2021-09-20,57.455,"Acadia Aqua Farm"
"644",2021-09-21,57.8083333333333,"Acadia Aqua Farm"
"645",2021-09-22,58.075,"Acadia Aqua Farm"
"646",2021-09-23,58.3825,"Acadia Aqua Farm"
"647",2021-09-24,58.9133333333333,"Acadia Aqua Farm"
"648",2021-09-25,59.11375,"Acadia Aqua Farm"
"649",2021-09-26,58.7420833333333,"Acadia Aqua Farm"
"650",2021-09-27,57.72625,"Acadia Aqua Farm"
"651",2021-09-28,57.79375,"Acadia Aqua Farm"
"652",2021-09-29,57.37875,"Acadia Aqua Farm"
"653",2021-09-30,56.9345833333333,"Acadia Aqua Farm"
"654",2021-10-01,56.9008333333333,"Acadia Aqua Farm"
"655",2021-10-02,56.9458333333333,"Acadia Aqua Farm"
"656",2021-10-03,57.0420833333333,"Acadia Aqua Farm"
"657",2021-10-04,57.1358333333333,"Acadia Aqua Farm"
"658",2021-10-05,57.2479166666667,"Acadia Aqua Farm"
"659",2021-10-06,57.42,"Acadia Aqua Farm"
"660",2021-10-07,57.5658333333333,"Acadia Aqua Farm"
"661",2021-10-08,57.6091666666667,"Acadia Aqua Farm"
"662",2021-10-09,57.7920833333333,"Acadia Aqua Farm"
"663",2021-10-10,57.7395833333333,"Acadia Aqua Farm"
"664",2021-10-11,57.625,"Acadia Aqua Farm"
"665",2021-10-12,57.7325,"Acadia Aqua Farm"
"666",2021-10-13,57.7245833333333,"Acadia Aqua Farm"
"667",2021-10-14,57.7541666666667,"Acadia Aqua Farm"
"668",2021-10-15,57.8204166666667,"Acadia Aqua Farm"
"669",2021-10-16,57.80125,"Acadia Aqua Farm"
"670",2021-10-17,58.04625,"Acadia Aqua Farm"
"671",2021-10-18,58.0629166666667,"Acadia Aqua Farm"
"672",2021-10-19,57.7733333333333,"Acadia Aqua Farm"
"673",2021-10-20,57.3991666666667,"Acadia Aqua Farm"
"674",2021-10-21,57.2983333333333,"Acadia Aqua Farm"
"675",2021-10-22,57.3654166666667,"Acadia Aqua Farm"
"676",2021-10-23,57.3483333333333,"Acadia Aqua Farm"
"677",2021-10-24,57.0095833333333,"Acadia Aqua Farm"
"678",2021-10-25,56.7858333333333,"Acadia Aqua Farm"
"679",2021-10-26,56.6054166666667,"Acadia Aqua Farm"
"680",2021-10-27,56.1170833333333,"Acadia Aqua Farm"
"681",2021-10-28,55.8658333333333,"Acadia Aqua Farm"
"682",2021-10-29,55.7683333333333,"Acadia Aqua Farm"
"683",2021-10-30,55.76375,"Acadia Aqua Farm"
"684",2021-10-31,55.5183333333333,"Acadia Aqua Farm"
"685",2021-11-01,55.5083333333333,"Acadia Aqua Farm"
"686",2021-11-02,55.6070833333333,"Acadia Aqua Farm"
"687",2021-11-03,55.5395833333333,"Acadia Aqua Farm"
"688",2021-11-04,55.2270833333333,"Acadia Aqua Farm"
"689",2021-11-05,55.06875,"Acadia Aqua Farm"
"690",2021-11-06,54.6254166666667,"Acadia Aqua Farm"
"691",2021-11-07,54.46625,"Acadia Aqua Farm"
"692",2021-11-08,54.36375,"Acadia Aqua Farm"
"693",2021-11-09,54.3079166666667,"Acadia Aqua Farm"
"694",2021-11-10,54.1966666666667,"Acadia Aqua Farm"
"695",2021-11-11,53.9841666666667,"Acadia Aqua Farm"
"696",2021-11-12,53.8666666666667,"Acadia Aqua Farm"
"697",2021-11-13,53.6933333333333,"Acadia Aqua Farm"
"698",2021-11-14,53.4433333333333,"Acadia Aqua Farm"
"699",2021-11-15,53.3379166666667,"Acadia Aqua Farm"
"700",2021-11-16,52.9370833333333,"Acadia Aqua Farm"
"701",2021-11-17,52.82875,"Acadia Aqua Farm"
"702",2021-11-18,52.6116666666667,"Acadia Aqua Farm"
"703",2021-11-19,52.4054166666667,"Acadia Aqua Farm"
"704",2021-11-20,52.215,"Acadia Aqua Farm"
"705",2021-11-21,52.14625,"Acadia Aqua Farm"
"706",2021-11-22,51.7741666666667,"Acadia Aqua Farm"
"707",2021-11-23,51.3604166666667,"Acadia Aqua Farm"
"708",2021-11-24,51.1495833333333,"Acadia Aqua Farm"
"709",2021-11-25,50.6195833333333,"Acadia Aqua Farm"
"710",2021-11-26,50.26,"Acadia Aqua Farm"
"711",2021-11-27,49.90375,"Acadia Aqua Farm"
"712",2021-11-28,49.5766666666667,"Acadia Aqua Farm"
"713",2021-11-29,49.1575,"Acadia Aqua Farm"
"714",2021-11-30,48.6954166666667,"Acadia Aqua Farm"
"715",2021-12-01,48.25125,"Acadia Aqua Farm"
"716",2021-12-02,47.94875,"Acadia Aqua Farm"
"717",2021-12-03,47.8604166666667,"Acadia Aqua Farm"
"718",2021-12-04,47.7604166666667,"Acadia Aqua Farm"
"719",2021-12-05,47.2241666666667,"Acadia Aqua Farm"
"720",2021-12-06,46.8345833333333,"Acadia Aqua Farm"
"721",2021-12-07,46.89625,"Acadia Aqua Farm"
"722",2021-12-08,46.69625,"Acadia Aqua Farm"
"723",2021-12-09,46.1666666666667,"Acadia Aqua Farm"
"724",2021-12-10,45.985,"Acadia Aqua Farm"
"725",2021-12-11,45.5029166666667,"Acadia Aqua Farm"
"726",2021-12-12,45.9408333333333,"Acadia Aqua Farm"
"727",2021-12-13,45.8208333333333,"Acadia Aqua Farm"
"728",2021-12-14,45.665,"Acadia Aqua Farm"
"729",2021-12-15,45.6029166666667,"Acadia Aqua Farm"
"730",2021-12-16,45.3604166666667,"Acadia Aqua Farm"
"731",2021-12-17,45.3841666666667,"Acadia Aqua Farm"
"732",2021-12-18,45.2358333333333,"Acadia Aqua Farm"
"733",2021-12-19,45.1220833333333,"Acadia Aqua Farm"
"734",2021-12-20,44.8991666666667,"Acadia Aqua Farm"
"735",2021-12-21,44.6558333333333,"Acadia Aqua Farm"
"736",2021-12-22,44.6195833333333,"Acadia Aqua Farm"
"737",2021-12-23,44.54375,"Acadia Aqua Farm"
"738",2021-12-24,44.2591666666667,"Acadia Aqua Farm"
"739",2021-12-25,43.67625,"Acadia Aqua Farm"
"740",2021-12-26,43.4358333333333,"Acadia Aqua Farm"
"741",2021-12-27,43.14625,"Acadia Aqua Farm"
"742",2021-12-28,42.9795833333333,"Acadia Aqua Farm"
"743",2021-12-29,42.43625,"Acadia Aqua Farm"
"744",2021-12-30,42.5183333333333,"Acadia Aqua Farm"
"745",2021-12-31,42.79125,"Acadia Aqua Farm"
"746",2022-01-01,42.9645833333333,"Acadia Aqua Farm"
"747",2022-01-02,43.0625,"Acadia Aqua Farm"
"748",2022-01-03,43.0725,"Acadia Aqua Farm"
"749",2022-01-04,42.9641666666667,"Acadia Aqua Farm"
"750",2022-01-05,42.6095833333333,"Acadia Aqua Farm"
"751",2022-01-06,42.3116666666667,"Acadia Aqua Farm"
"752",2022-01-07,42.0579166666667,"Acadia Aqua Farm"
"753",2022-01-08,41.9933333333333,"Acadia Aqua Farm"
"754",2022-01-09,41.6595833333333,"Acadia Aqua Farm"
"755",2022-01-10,41.60625,"Acadia Aqua Farm"
"756",2022-01-11,41.3958333333333,"Acadia Aqua Farm"
"757",2022-01-12,41.00625,"Acadia Aqua Farm"
"758",2022-01-13,40.5004166666667,"Acadia Aqua Farm"
"759",2022-01-14,39.7233333333333,"Acadia Aqua Farm"
"760",2022-01-15,39.525,"Acadia Aqua Farm"
"761",2022-01-16,39.8158333333333,"Acadia Aqua Farm"
"762",2022-01-17,39.2975,"Acadia Aqua Farm"
"763",2022-01-18,38.3033333333333,"Acadia Aqua Farm"
"764",2022-01-19,38.59125,"Acadia Aqua Farm"
"765",2022-01-20,37.8316666666667,"Acadia Aqua Farm"
"766",2022-01-21,37.36875,"Acadia Aqua Farm"
"767",2022-01-22,37.1675,"Acadia Aqua Farm"
"768",2022-01-23,36.5975,"Acadia Aqua Farm"
"769",2022-01-24,36.1745833333333,"Acadia Aqua Farm"
"770",2022-01-25,36.0391666666667,"Acadia Aqua Farm"
"771",2022-01-26,35.8729166666667,"Acadia Aqua Farm"
"772",2022-01-27,36.0029166666667,"Acadia Aqua Farm"
"773",2022-01-28,35.5291666666667,"Acadia Aqua Farm"
"774",2022-01-29,35.0204166666667,"Acadia Aqua Farm"
"775",2022-01-30,35.1558333333333,"Acadia Aqua Farm"
"776",2022-01-31,35.0483333333333,"Acadia Aqua Farm"
"777",2022-02-01,34.3983333333333,"Acadia Aqua Farm"
"778",2022-02-02,34.4358333333333,"Acadia Aqua Farm"
"779",2022-02-03,34.42875,"Acadia Aqua Farm"
"780",2022-02-04,34.0516666666667,"Acadia Aqua Farm"
"781",2022-02-05,33.6670833333333,"Acadia Aqua Farm"
"782",2022-02-06,33.7908333333333,"Acadia Aqua Farm"
"783",2022-02-07,33.8625,"Acadia Aqua Farm"
"784",2022-02-08,34.0425,"Acadia Aqua Farm"
"785",2022-02-09,33.93625,"Acadia Aqua Farm"
"786",2022-02-10,34.4516666666667,"Acadia Aqua Farm"
"787",2022-02-11,35.1633333333333,"Acadia Aqua Farm"
"788",2022-02-12,35.1275,"Acadia Aqua Farm"
"789",2022-02-13,34.9670833333333,"Acadia Aqua Farm"
"790",2022-02-14,34.5695833333333,"Acadia Aqua Farm"
"791",2022-02-15,34.02375,"Acadia Aqua Farm"
"792",2022-02-16,33.9775,"Acadia Aqua Farm"
"793",2022-02-17,34.6829166666667,"Acadia Aqua Farm"
"794",2022-02-18,35.3145833333333,"Acadia Aqua Farm"
"795",2022-02-19,35.2825,"Acadia Aqua Farm"
"796",2022-02-20,35.0858333333333,"Acadia Aqua Farm"
"797",2022-02-21,35.26875,"Acadia Aqua Farm"
"798",2022-02-22,35.3058333333333,"Acadia Aqua Farm"
"799",2022-02-23,35.71875,"Acadia Aqua Farm"
"800",2022-02-24,36.0033333333333,"Acadia Aqua Farm"
"801",2022-02-25,35.9433333333333,"Acadia Aqua Farm"
"802",2022-02-26,35.65,"Acadia Aqua Farm"
"803",2022-02-27,36.21625,"Acadia Aqua Farm"
"804",2022-02-28,36.0725,"Acadia Aqua Farm"
"805",2022-03-01,36.0941666666667,"Acadia Aqua Farm"
"806",2022-03-02,36.0675,"Acadia Aqua Farm"
"807",2022-03-03,36.1379166666667,"Acadia Aqua Farm"
"808",2022-03-04,35.91875,"Acadia Aqua Farm"
"809",2022-03-05,35.75625,"Acadia Aqua Farm"
"810",2022-03-06,35.8245833333333,"Acadia Aqua Farm"
"811",2022-03-07,36.03875,"Acadia Aqua Farm"
"812",2022-03-08,36.26875,"Acadia Aqua Farm"
"813",2022-03-09,36.37625,"Acadia Aqua Farm"
"814",2022-03-10,36.43375,"Acadia Aqua Farm"
"815",2022-03-11,36.5,"Acadia Aqua Farm"
"816",2022-03-12,36.5516666666667,"Acadia Aqua Farm"
"817",2022-03-13,36.7529166666667,"Acadia Aqua Farm"
"818",2022-03-14,36.7916666666667,"Acadia Aqua Farm"
"819",2022-03-15,36.9516666666667,"Acadia Aqua Farm"
"820",2022-03-16,36.9775,"Acadia Aqua Farm"
"821",2022-03-17,37.00875,"Acadia Aqua Farm"
"822",2022-03-18,37.23125,"Acadia Aqua Farm"
"823",2022-03-19,37.8391666666667,"Acadia Aqua Farm"
"824",2022-03-20,38.3625,"Acadia Aqua Farm"
"825",2022-03-21,38.1645833333333,"Acadia Aqua Farm"
"826",2022-03-22,38.3945833333333,"Acadia Aqua Farm"
"827",2022-03-23,38.2766666666667,"Acadia Aqua Farm"
"828",2022-03-24,38.4833333333333,"Acadia Aqua Farm"
"829",2022-03-25,38.5854166666667,"Acadia Aqua Farm"
"830",2022-03-26,38.63125,"Acadia Aqua Farm"
"831",2022-03-27,38.70375,"Acadia Aqua Farm"
"832",2022-03-28,38.81875,"Acadia Aqua Farm"
"833",2022-03-29,38.705,"Acadia Aqua Farm"
"834",2022-03-30,38.6604166666667,"Acadia Aqua Farm"
"835",2022-03-31,38.7816666666667,"Acadia Aqua Farm"
"836",2022-04-01,39.00875,"Acadia Aqua Farm"
"837",2022-04-02,39.2583333333333,"Acadia Aqua Farm"
"838",2022-04-03,39.4041666666667,"Acadia Aqua Farm"
"839",2022-04-04,39.7158333333333,"Acadia Aqua Farm"
"840",2022-04-05,39.8508333333333,"Acadia Aqua Farm"
"841",2022-04-06,39.8608333333333,"Acadia Aqua Farm"
"842",2022-04-07,40.0070833333333,"Acadia Aqua Farm"
"843",2022-04-08,40.5079166666667,"Acadia Aqua Farm"
"844",2022-04-09,40.69,"Acadia Aqua Farm"
"845",2022-04-10,40.6070833333333,"Acadia Aqua Farm"
"846",2022-04-11,40.5829166666667,"Acadia Aqua Farm"
"847",2022-04-12,40.5916666666667,"Acadia Aqua Farm"
"848",2022-04-13,40.7254166666667,"Acadia Aqua Farm"
"849",2022-04-14,41.0583333333333,"Acadia Aqua Farm"
"850",2022-04-15,41.76125,"Acadia Aqua Farm"
"851",2022-04-16,41.45,"Acadia Aqua Farm"
"852",2022-04-17,42.29125,"Acadia Aqua Farm"
"853",2022-04-18,42.1558333333333,"Acadia Aqua Farm"
"854",2022-04-19,42.63125,"Acadia Aqua Farm"
"855",2022-04-20,42.68125,"Acadia Aqua Farm"
"856",2022-04-21,42.44375,"Acadia Aqua Farm"
"857",2022-04-22,42.7408333333333,"Acadia Aqua Farm"
"858",2022-04-23,42.8141666666667,"Acadia Aqua Farm"
"859",2022-04-24,42.8804166666667,"Acadia Aqua Farm"
"860",2022-04-25,42.8845833333333,"Acadia Aqua Farm"
"861",2022-04-26,43.08,"Acadia Aqua Farm"
"862",2022-04-27,43.4191666666667,"Acadia Aqua Farm"
"863",2022-04-28,43.80375,"Acadia Aqua Farm"
"864",2022-04-29,43.59875,"Acadia Aqua Farm"
"865",2022-04-30,43.6470833333333,"Acadia Aqua Farm"
"866",2022-05-01,43.8475,"Acadia Aqua Farm"
"867",2022-05-02,43.8395833333333,"Acadia Aqua Farm"
"868",2022-05-03,43.99,"Acadia Aqua Farm"
"869",2022-05-04,44.0995833333333,"Acadia Aqua Farm"
"870",2022-05-05,44.03,"Acadia Aqua Farm"
"871",2022-05-06,43.95,"Acadia Aqua Farm"
"872",2022-05-07,44.3279166666667,"Acadia Aqua Farm"
"873",2022-05-08,44.4179166666667,"Acadia Aqua Farm"
"874",2022-05-09,44.7520833333333,"Acadia Aqua Farm"
"875",2022-05-10,45.0995833333333,"Acadia Aqua Farm"
"876",2022-05-11,45.51375,"Acadia Aqua Farm"
"877",2022-05-12,46.3055555555556,"Acadia Aqua Farm"
"878",2022-02-11,35.9785714285714,"Vertical Bay Farm"
"879",2022-02-12,36.3125,"Vertical Bay Farm"
"880",2022-02-13,35.7566666666667,"Vertical Bay Farm"
"881",2022-02-14,35.13375,"Vertical Bay Farm"
"882",2022-02-15,35.1025,"Vertical Bay Farm"
"883",2022-02-16,35.2429166666667,"Vertical Bay Farm"
"884",2022-02-17,35.5391666666667,"Vertical Bay Farm"
"885",2022-02-18,35.835,"Vertical Bay Farm"
"886",2022-02-19,35.6425,"Vertical Bay Farm"
"887",2022-02-20,35.3616666666667,"Vertical Bay Farm"
"888",2022-02-21,35.43,"Vertical Bay Farm"
"889",2022-02-22,35.52,"Vertical Bay Farm"
"890",2022-02-23,36.09875,"Vertical Bay Farm"
"891",2022-02-24,35.9695833333333,"Vertical Bay Farm"
"892",2022-02-25,35.585,"Vertical Bay Farm"
"893",2022-02-26,35.395,"Vertical Bay Farm"
"894",2022-02-27,35.23125,"Vertical Bay Farm"
"895",2022-02-28,35.2479166666667,"Vertical Bay Farm"
"896",2022-03-01,35.2470833333333,"Vertical Bay Farm"
"897",2022-03-02,35.28625,"Vertical Bay Farm"
"898",2022-03-03,35.4795833333333,"Vertical Bay Farm"
"899",2022-03-04,35.63875,"Vertical Bay Farm"
"900",2022-03-05,35.5604166666667,"Vertical Bay Farm"
"901",2022-03-06,35.5641666666667,"Vertical Bay Farm"
"902",2022-03-07,35.8166666666667,"Vertical Bay Farm"
"903",2022-03-08,36.09375,"Vertical Bay Farm"
"904",2022-03-09,35.9020833333333,"Vertical Bay Farm"
"905",2022-03-10,36.2616666666667,"Vertical Bay Farm"
"906",2022-03-11,36.6125,"Vertical Bay Farm"
"907",2022-03-12,36.8391666666667,"Vertical Bay Farm"
"908",2022-03-13,36.7904166666667,"Vertical Bay Farm"
"909",2022-03-14,36.6483333333333,"Vertical Bay Farm"
"910",2022-03-15,36.8316666666667,"Vertical Bay Farm"
"911",2022-03-16,37.2708333333333,"Vertical Bay Farm"
"912",2022-03-17,37.3108333333333,"Vertical Bay Farm"
"913",2022-03-18,37.5175,"Vertical Bay Farm"
"914",2022-03-19,37.8058333333333,"Vertical Bay Farm"
"915",2022-03-20,37.85375,"Vertical Bay Farm"
"916",2022-03-21,37.9454166666667,"Vertical Bay Farm"
"917",2022-03-22,37.8458333333333,"Vertical Bay Farm"
"918",2022-03-23,37.7708333333333,"Vertical Bay Farm"
"919",2022-03-24,37.9529166666667,"Vertical Bay Farm"
"920",2022-03-25,38.11375,"Vertical Bay Farm"
"921",2022-03-26,38.30375,"Vertical Bay Farm"
"922",2022-03-27,38.5529166666667,"Vertical Bay Farm"
"923",2022-03-28,38.4108333333333,"Vertical Bay Farm"
"924",2022-03-29,38.3425,"Vertical Bay Farm"
"925",2022-03-30,38.615,"Vertical Bay Farm"
"926",2022-03-31,38.5475,"Vertical Bay Farm"
"927",2022-04-01,38.7491666666667,"Vertical Bay Farm"
"928",2022-04-02,38.8808333333333,"Vertical Bay Farm"
"929",2022-04-03,39.1554166666667,"Vertical Bay Farm"
"930",2022-04-04,39.2220833333333,"Vertical Bay Farm"
"931",2022-04-05,39.6420833333333,"Vertical Bay Farm"
"932",2022-04-06,39.9766666666667,"Vertical Bay Farm"
"933",2022-04-07,40.1275,"Vertical Bay Farm"
"934",2022-04-08,39.8866666666667,"Vertical Bay Farm"
"935",2022-04-09,40.4483333333333,"Vertical Bay Farm"
"936",2022-04-10,40.1879166666667,"Vertical Bay Farm"
"937",2022-04-11,40.1541666666667,"Vertical Bay Farm"
"938",2022-04-12,39.8958333333333,"Vertical Bay Farm"
"939",2022-04-13,40.1420833333333,"Vertical Bay Farm"
"940",2022-04-14,40.55375,"Vertical Bay Farm"
"941",2022-04-15,41.0045833333333,"Vertical Bay Farm"
"942",2022-04-16,41.54125,"Vertical Bay Farm"
"943",2022-04-17,41.3754166666667,"Vertical Bay Farm"
"944",2022-04-18,41.3416666666667,"Vertical Bay Farm"
"945",2022-04-19,41.1466666666667,"Vertical Bay Farm"
"946",2022-04-20,41.3008333333333,"Vertical Bay Farm"
"947",2022-04-21,42.0933333333333,"Vertical Bay Farm"
"948",2022-04-22,42.1454166666667,"Vertical Bay Farm"
"949",2022-04-23,41.9854166666667,"Vertical Bay Farm"
"950",2022-04-24,42.1520833333333,"Vertical Bay Farm"
"951",2022-04-25,42.8545833333333,"Vertical Bay Farm"
"952",2022-04-26,42.97,"Vertical Bay Farm"
"953",2022-04-27,42.7966666666667,"Vertical Bay Farm"
"954",2022-04-28,41.8583333333333,"Vertical Bay Farm"
"955",2022-04-29,41.6591666666667,"Vertical Bay Farm"
"956",2022-04-30,41.8466666666667,"Vertical Bay Farm"
"957",2022-05-01,42.28375,"Vertical Bay Farm"
"958",2022-05-02,43.1416666666667,"Vertical Bay Farm"
"959",2022-05-03,43.1279166666667,"Vertical Bay Farm"
"960",2022-05-04,43.51125,"Vertical Bay Farm"
"961",2022-05-05,43.3645833333333,"Vertical Bay Farm"
"962",2022-05-06,43.3175,"Vertical Bay Farm"
"963",2022-05-07,44.0483333333333,"Vertical Bay Farm"
"964",2022-05-08,44.0833333333333,"Vertical Bay Farm"
"965",2022-05-09,45.0033333333333,"Vertical Bay Farm"
"966",2022-05-10,45.3145833333333,"Vertical Bay Farm"
"967",2022-05-11,45.5191666666667,"Vertical Bay Farm"
"968",2022-05-12,45.60875,"Vertical Bay Farm"
"969",2022-05-13,46.89875,"Vertical Bay Farm"
"970",2022-05-14,48.8875,"Vertical Bay Farm"
"971",2022-05-15,48.6133333333333,"Vertical Bay Farm"
"972",2022-05-16,47.2241666666667,"Vertical Bay Farm"
"973",2022-05-17,47.0033333333333,"Vertical Bay Farm"
"974",2022-05-18,46.6683333333333,"Vertical Bay Farm"
"975",2022-05-19,47.2208333333333,"Vertical Bay Farm"
"976",2022-05-20,47.1745833333333,"Vertical Bay Farm"
"977",2022-05-21,47.215,"Vertical Bay Farm"
"978",2022-05-22,47.4841666666667,"Vertical Bay Farm"
"979",2022-05-23,47.1758333333333,"Vertical Bay Farm"
"980",2022-05-24,47.9533333333333,"Vertical Bay Farm"
"981",2022-05-25,48.3154166666667,"Vertical Bay Farm"
"982",2022-05-26,49.5904166666667,"Vertical Bay Farm"
"983",2022-05-27,50.4779166666667,"Vertical Bay Farm"
"984",2022-05-28,50.94,"Vertical Bay Farm"
"985",2022-05-29,50.8870833333333,"Vertical Bay Farm"
"986",2022-05-30,50.5454166666667,"Vertical Bay Farm"
"987",2022-05-31,50.85,"Vertical Bay Farm"
"988",2022-06-01,50.7266666666667,"Vertical Bay Farm"
"989",2022-06-02,51.1970833333333,"Vertical Bay Farm"
"990",2022-06-03,51.15,"Vertical Bay Farm"
"991",2022-06-04,50.5720833333333,"Vertical Bay Farm"
"992",2022-06-05,50.5004166666667,"Vertical Bay Farm"
"993",2022-06-06,50.92,"Vertical Bay Farm"
"994",2022-06-07,50.2083333333333,"Vertical Bay Farm"
"995",2022-06-08,52.4083333333333,"Vertical Bay Farm"
"996",2022-06-09,53.79,"Vertical Bay Farm"
"997",2022-06-10,51.8354166666667,"Vertical Bay Farm"
"998",2022-06-11,52.1616666666667,"Vertical Bay Farm"
"999",2022-06-12,51.75125,"Vertical Bay Farm"
"1000",2022-06-13,52.0395833333333,"Vertical Bay Farm"
"1001",2022-06-14,51.8725,"Vertical Bay Farm"
"1002",2022-06-15,51.9145833333333,"Vertical Bay Farm"
"1003",2022-06-16,52.5191666666667,"Vertical Bay Farm"
"1004",2022-06-17,53.74625,"Vertical Bay Farm"
"1005",2022-06-18,53.3608333333333,"Vertical Bay Farm"
"1006",2022-06-19,51.8695833333333,"Vertical Bay Farm"
"1007",2022-06-20,51.3095833333333,"Vertical Bay Farm"
"1008",2022-06-21,51.35125,"Vertical Bay Farm"
"1009",2022-06-22,52.0033333333333,"Vertical Bay Farm"
"1010",2022-06-23,52.65,"Vertical Bay Farm"
"1011",2022-06-24,52.535,"Vertical Bay Farm"
"1012",2022-06-25,51.9975,"Vertical Bay Farm"
"1013",2022-06-26,52.0554166666667,"Vertical Bay Farm"
"1014",2022-06-27,53.2816666666667,"Vertical Bay Farm"
"1015",2022-06-28,54.58375,"Vertical Bay Farm"
"1016",2022-06-29,54.1591666666667,"Vertical Bay Farm"
"1017",2022-06-30,54.2191666666667,"Vertical Bay Farm"
"1018",2022-07-01,53.5370833333333,"Vertical Bay Farm"
"1019",2022-07-02,55.15125,"Vertical Bay Farm"
"1020",2022-07-03,54.7941666666667,"Vertical Bay Farm"
"1021",2022-07-04,53.4895833333333,"Vertical Bay Farm"
"1022",2022-07-05,53.3566666666667,"Vertical Bay Farm"
"1023",2022-07-06,54.6554166666667,"Vertical Bay Farm"
"1024",2022-07-07,53.88375,"Vertical Bay Farm"
"1025",2022-07-08,55.6679166666667,"Vertical Bay Farm"
"1026",2022-07-09,55.4175,"Vertical Bay Farm"
"1027",2022-07-10,54.4895833333333,"Vertical Bay Farm"
"1028",2022-07-11,55.7566666666667,"Vertical Bay Farm"
"1029",2022-07-12,58.3479166666667,"Vertical Bay Farm"
"1030",2022-07-13,57.9254166666667,"Vertical Bay Farm"
"1031",2022-07-14,56.8283333333333,"Vertical Bay Farm"
"1032",2022-07-15,57.2058333333333,"Vertical Bay Farm"
"1033",2022-07-16,57.32875,"Vertical Bay Farm"
"1034",2022-07-17,57.145,"Vertical Bay Farm"
"1035",2022-07-18,58.0108333333333,"Vertical Bay Farm"
"1036",2022-07-19,58.5195833333333,"Vertical Bay Farm"
"1037",2022-07-20,58.40375,"Vertical Bay Farm"
"1038",2022-07-21,58.5916666666667,"Vertical Bay Farm"
"1039",2022-07-22,57.81625,"Vertical Bay Farm"
"1040",2022-07-23,57.2925,"Vertical Bay Farm"
"1041",2022-07-24,57.16375,"Vertical Bay Farm"
"1042",2022-07-25,59.59,"Vertical Bay Farm"
"1043",2022-07-26,59.6570833333333,"Vertical Bay Farm"
"1044",2022-07-27,57.8804166666667,"Vertical Bay Farm"
"1045",2022-07-28,57.2841666666667,"Vertical Bay Farm"
"1046",2022-07-29,58.58125,"Vertical Bay Farm"
"1047",2022-07-30,57.5766666666667,"Vertical Bay Farm"
"1048",2022-07-31,57.3420833333333,"Vertical Bay Farm"
"1049",2022-08-01,59.3591666666667,"Vertical Bay Farm"
"1050",2022-08-02,58.63625,"Vertical Bay Farm"
"1051",2022-08-03,58.2970833333333,"Vertical Bay Farm"
"1052",2022-08-04,62.13625,"Vertical Bay Farm"
"1053",2022-08-05,60.24625,"Vertical Bay Farm"
"1054",2022-08-06,59.41375,"Vertical Bay Farm"
"1055",2022-08-07,59.8729166666667,"Vertical Bay Farm"
"1056",2022-05-11,44.155,"Vertical Bay Farm"
"1057",2022-05-12,44.3566666666667,"Vertical Bay Farm"
"1058",2022-05-13,46.0579166666667,"Vertical Bay Farm"
"1059",2022-05-14,48.09,"Vertical Bay Farm"
"1060",2022-05-15,47.4083333333333,"Vertical Bay Farm"
"1061",2022-05-16,46.8470833333333,"Vertical Bay Farm"
"1062",2022-05-17,46.6658333333333,"Vertical Bay Farm"
"1063",2022-05-18,46.5566666666667,"Vertical Bay Farm"
"1064",2022-05-19,47.0658333333333,"Vertical Bay Farm"
"1065",2022-05-20,47.1108333333333,"Vertical Bay Farm"
"1066",2022-05-21,47.0008333333333,"Vertical Bay Farm"
"1067",2022-05-22,47.3308333333333,"Vertical Bay Farm"
"1068",2022-05-23,47.0316666666667,"Vertical Bay Farm"
"1069",2022-05-24,47.9608333333333,"Vertical Bay Farm"
"1070",2022-05-25,48.7858333333333,"Vertical Bay Farm"
"1071",2022-05-26,49.8708333333333,"Vertical Bay Farm"
"1072",2022-05-27,50.6383333333333,"Vertical Bay Farm"
"1073",2022-05-28,51.1745833333333,"Vertical Bay Farm"
"1074",2022-05-29,51.1720833333333,"Vertical Bay Farm"
"1075",2022-05-30,50.97625,"Vertical Bay Farm"
"1076",2022-05-31,51.4208333333333,"Vertical Bay Farm"
"1077",2022-06-01,51.3654166666667,"Vertical Bay Farm"
"1078",2022-06-02,51.7,"Vertical Bay Farm"
"1079",2022-06-03,51.4316666666667,"Vertical Bay Farm"
"1080",2022-06-04,50.42375,"Vertical Bay Farm"
"1081",2022-06-05,50.4645833333333,"Vertical Bay Farm"
"1082",2022-06-06,50.3179166666667,"Vertical Bay Farm"
"1083",2022-06-07,50.4,"Vertical Bay Farm"
"1084",2022-06-08,52.8766666666667,"Vertical Bay Farm"
"1085",2022-06-09,54.22125,"Vertical Bay Farm"
"1086",2022-06-10,52.4829166666667,"Vertical Bay Farm"
"1087",2022-06-11,52.7333333333333,"Vertical Bay Farm"
"1088",2022-06-12,52.36375,"Vertical Bay Farm"
"1089",2022-06-13,52.57125,"Vertical Bay Farm"
"1090",2022-06-14,52.41875,"Vertical Bay Farm"
"1091",2022-06-15,52.3241666666667,"Vertical Bay Farm"
"1092",2022-06-16,52.6866666666667,"Vertical Bay Farm"
"1093",2022-06-17,53.85625,"Vertical Bay Farm"
"1094",2022-06-18,53.69875,"Vertical Bay Farm"
"1095",2022-06-19,52.0708333333333,"Vertical Bay Farm"
"1096",2022-06-20,51.4741666666667,"Vertical Bay Farm"
"1097",2022-06-21,51.71625,"Vertical Bay Farm"
"1098",2022-06-22,52.2866666666667,"Vertical Bay Farm"
"1099",2022-06-23,53.1183333333333,"Vertical Bay Farm"
"1100",2022-06-24,53.2745833333333,"Vertical Bay Farm"
"1101",2022-06-25,52.4758333333333,"Vertical Bay Farm"
"1102",2022-06-26,52.62625,"Vertical Bay Farm"
"1103",2022-06-27,53.6745833333333,"Vertical Bay Farm"
"1104",2022-06-28,55.4029166666667,"Vertical Bay Farm"
"1105",2022-06-29,54.445,"Vertical Bay Farm"
"1106",2022-06-30,54.2879166666667,"Vertical Bay Farm"
"1107",2022-07-01,53.7141666666667,"Vertical Bay Farm"
"1108",2022-07-02,54.9970833333333,"Vertical Bay Farm"
"1109",2022-07-03,55.2466666666667,"Vertical Bay Farm"
"1110",2022-07-04,53.8791666666667,"Vertical Bay Farm"
"1111",2022-07-05,53.6116666666667,"Vertical Bay Farm"
"1112",2022-07-06,55.3591666666667,"Vertical Bay Farm"
"1113",2022-07-07,54.315,"Vertical Bay Farm"
"1114",2022-07-08,55.7608333333333,"Vertical Bay Farm"
"1115",2022-07-09,55.9029166666667,"Vertical Bay Farm"
"1116",2022-07-10,54.7645833333333,"Vertical Bay Farm"
"1117",2022-07-11,56.1058333333333,"Vertical Bay Farm"
"1118",2022-07-12,57.6929166666667,"Vertical Bay Farm"
"1119",2022-07-13,58.0470833333333,"Vertical Bay Farm"
"1120",2022-07-14,57.5,"Vertical Bay Farm"
"1121",2022-07-15,56.9325,"Vertical Bay Farm"
"1122",2022-07-16,57.2366666666667,"Vertical Bay Farm"
"1123",2022-07-17,56.9270833333333,"Vertical Bay Farm"
"1124",2022-07-18,57.425,"Vertical Bay Farm"
"1125",2022-07-19,58.6258333333333,"Vertical Bay Farm"
"1126",2022-07-20,58.26125,"Vertical Bay Farm"
"1127",2022-07-21,57.45,"Vertical Bay Farm"
"1128",2022-07-22,58.32375,"Vertical Bay Farm"
"1129",2022-07-23,58.2358333333333,"Vertical Bay Farm"
"1130",2022-07-24,58.0333333333333,"Vertical Bay Farm"
"1131",2022-07-25,60.46,"Vertical Bay Farm"
"1132",2022-07-26,60.4891666666667,"Vertical Bay Farm"
"1133",2022-07-27,57.9333333333333,"Vertical Bay Farm"
"1134",2022-07-28,57.7170833333333,"Vertical Bay Farm"
"1135",2022-07-29,58.7275,"Vertical Bay Farm"
"1136",2022-07-30,57.7720833333333,"Vertical Bay Farm"
"1137",2022-07-31,57.44875,"Vertical Bay Farm"
"1138",2022-08-01,57.8075,"Vertical Bay Farm"
"1139",2022-08-02,58.09,"Vertical Bay Farm"
"1140",2022-08-03,57.6366666666667,"Vertical Bay Farm"
"1141",2022-08-04,57.5858333333333,"Vertical Bay Farm"
"1142",2022-08-05,58.13625,"Vertical Bay Farm"
"1143",2022-08-06,57.5825,"Vertical Bay Farm"
"1144",2022-08-07,58.0908333333333,"Vertical Bay Farm"
"1145",2022-08-08,58.3583333333333,"Vertical Bay Farm"
"1146",2022-08-09,57.5008333333333,"Vertical Bay Farm"
"1147",2022-08-10,57.2916666666667,"Vertical Bay Farm"
"1148",2022-08-11,58.4045833333333,"Vertical Bay Farm"
"1149",2022-08-12,58.4891666666667,"Vertical Bay Farm"
"1150",2022-08-13,58.1195833333333,"Vertical Bay Farm"
"1151",2022-08-14,58.3545833333333,"Vertical Bay Farm"
"1152",2022-08-15,58.46375,"Vertical Bay Farm"
"1153",2022-08-16,58.6729166666667,"Vertical Bay Farm"
"1154",2022-08-17,58.21,"Vertical Bay Farm"
"1155",2022-08-18,59.0879166666667,"Vertical Bay Farm"
"1156",2022-08-19,58.7541666666667,"Vertical Bay Farm"
"1157",2022-08-20,58.9720833333333,"Vertical Bay Farm"
"1158",2022-08-21,58.7129166666667,"Vertical Bay Farm"
"1159",2022-08-22,58.7270833333333,"Vertical Bay Farm"
"1160",2022-08-23,59.11875,"Vertical Bay Farm"
"1161",2022-08-24,59.4829166666667,"Vertical Bay Farm"
"1162",2022-08-25,58.92375,"Vertical Bay Farm"
"1163",2022-08-26,58.9870833333333,"Vertical Bay Farm"
"1164",2022-08-27,59.0279166666667,"Vertical Bay Farm"
"1165",2022-08-28,58.8720833333333,"Vertical Bay Farm"
"1166",2022-08-29,59.8495833333333,"Vertical Bay Farm"
"1167",2022-08-30,62.2125,"Vertical Bay Farm"
"1168",2022-08-31,62.5975,"Vertical Bay Farm"
"1169",2022-09-01,61.9875,"Vertical Bay Farm"
"1170",2022-09-02,60.68625,"Vertical Bay Farm"
"1171",2022-09-03,60.3708333333333,"Vertical Bay Farm"
"1172",2022-09-04,60.5370833333333,"Vertical Bay Farm"
"1173",2022-09-05,60.55625,"Vertical Bay Farm"
"1174",2022-09-06,59.69375,"Vertical Bay Farm"
"1175",2022-09-07,59.9145833333333,"Vertical Bay Farm"
"1176",2022-09-08,60.0491666666667,"Vertical Bay Farm"
"1177",2022-09-09,60.0195833333333,"Vertical Bay Farm"
"1178",2022-09-10,60.0708333333333,"Vertical Bay Farm"
"1179",2022-09-11,60.14375,"Vertical Bay Farm"
"1180",2022-09-12,60.20125,"Vertical Bay Farm"
"1181",2022-09-13,60.325,"Vertical Bay Farm"
"1182",2022-09-14,60.14,"Vertical Bay Farm"
"1183",2022-09-15,59.7266666666667,"Vertical Bay Farm"
"1184",2022-09-16,59.3041666666667,"Vertical Bay Farm"
"1185",2022-09-17,59.3375,"Vertical Bay Farm"
"1186",2022-09-18,59.6375,"Vertical Bay Farm"
"1187",2022-09-19,59.9454166666667,"Vertical Bay Farm"
"1188",2022-09-20,59.6791666666667,"Vertical Bay Farm"
"1189",2022-09-21,59.2883333333333,"Vertical Bay Farm"
"1190",2022-09-22,59.4058333333333,"Vertical Bay Farm"
"1191",2022-09-23,58.8933333333333,"Vertical Bay Farm"
"1192",2022-09-24,58.29,"Vertical Bay Farm"
"1193",2022-09-25,58.3341666666667,"Vertical Bay Farm"
"1194",2022-09-26,58.7720833333333,"Vertical Bay Farm"
"1195",2022-09-27,59.1025,"Vertical Bay Farm"
"1196",2022-09-28,59.2345833333333,"Vertical Bay Farm"
"1197",2022-09-29,59.06875,"Vertical Bay Farm"
"1198",2022-09-30,58.8908333333333,"Vertical Bay Farm"
"1199",2022-10-01,58.61,"Vertical Bay Farm"
"1200",2022-10-02,58.32125,"Vertical Bay Farm"
"1201",2022-10-03,57.855,"Vertical Bay Farm"
"1202",2022-10-04,57.8341666666667,"Vertical Bay Farm"
"1203",2022-10-05,57.8341666666667,"Vertical Bay Farm"
"1204",2022-10-06,57.88375,"Vertical Bay Farm"
"1205",2022-10-07,58.0420833333333,"Vertical Bay Farm"
"1206",2022-10-08,57.815,"Vertical Bay Farm"
"1207",2022-10-09,57.62625,"Vertical Bay Farm"
"1208",2022-10-10,57.4683333333333,"Vertical Bay Farm"
"1209",2022-10-11,57.3141666666667,"Vertical Bay Farm"
"1210",2022-10-12,57.4204166666667,"Vertical Bay Farm"
"1211",2022-10-13,57.6095833333333,"Vertical Bay Farm"
"1212",2022-10-14,57.6445833333333,"Vertical Bay Farm"
"1213",2022-10-15,57.8279166666667,"Vertical Bay Farm"
"1214",2022-10-16,57.9883333333333,"Vertical Bay Farm"
"1215",2022-10-17,57.9720833333333,"Vertical Bay Farm"
"1216",2022-10-18,58.0020833333333,"Vertical Bay Farm"
"1217",2022-10-19,58.0629166666667,"Vertical Bay Farm"
"1218",2022-10-20,57.8216666666667,"Vertical Bay Farm"
"1219",2022-10-21,57.4695833333333,"Vertical Bay Farm"
"1220",2022-10-22,57.3933333333333,"Vertical Bay Farm"
"1221",2022-10-23,57.32625,"Vertical Bay Farm"
"1222",2022-10-24,57.2254166666667,"Vertical Bay Farm"
"1223",2022-10-25,57.1854545454545,"Vertical Bay Farm"
"1224",2022-08-08,62.5354545454545,"Vertical Bay Farm"
"1225",2022-08-09,62.8558333333333,"Vertical Bay Farm"
"1226",2022-08-10,61.0958333333333,"Vertical Bay Farm"
"1227",2022-08-11,59.99,"Vertical Bay Farm"
"1228",2022-08-12,59.8316666666667,"Vertical Bay Farm"
"1229",2022-08-13,59.1979166666667,"Vertical Bay Farm"
"1230",2022-08-14,59.2408333333333,"Vertical Bay Farm"
"1231",2022-08-15,59.3808333333333,"Vertical Bay Farm"
"1232",2022-08-16,59.6054166666667,"Vertical Bay Farm"
"1233",2022-08-17,59.68625,"Vertical Bay Farm"
"1234",2022-08-18,60.1558333333333,"Vertical Bay Farm"
"1235",2022-08-19,59.4491666666667,"Vertical Bay Farm"
"1236",2022-08-20,59.8095833333333,"Vertical Bay Farm"
"1237",2022-08-21,59.5075,"Vertical Bay Farm"
"1238",2022-08-22,59.5,"Vertical Bay Farm"
"1239",2022-08-23,60.55125,"Vertical Bay Farm"
"1240",2022-08-24,60.5208333333333,"Vertical Bay Farm"
"1241",2022-08-25,60.1041666666667,"Vertical Bay Farm"
"1242",2022-08-26,60.3191666666667,"Vertical Bay Farm"
"1243",2022-08-27,60.2425,"Vertical Bay Farm"
"1244",2022-08-28,60.9608333333333,"Vertical Bay Farm"
"1245",2022-08-29,61.3770833333333,"Vertical Bay Farm"
"1246",2022-08-30,63.18875,"Vertical Bay Farm"
"1247",2022-08-31,63.8116666666667,"Vertical Bay Farm"
"1248",2022-09-01,63.2591666666667,"Vertical Bay Farm"
"1249",2022-09-02,61.6666666666667,"Vertical Bay Farm"
"1250",2022-09-03,61.4029166666667,"Vertical Bay Farm"
"1251",2022-09-04,61.9341666666667,"Vertical Bay Farm"
"1252",2022-09-05,61.6125,"Vertical Bay Farm"
"1253",2022-09-06,60.9929166666667,"Vertical Bay Farm"
"1254",2022-09-07,61.0479166666667,"Vertical Bay Farm"
"1255",2022-09-08,60.7425,"Vertical Bay Farm"
"1256",2022-09-09,60.52375,"Vertical Bay Farm"
"1257",2022-09-10,60.6554166666667,"Vertical Bay Farm"
"1258",2022-09-11,60.6016666666667,"Vertical Bay Farm"
"1259",2022-09-12,60.7616666666667,"Vertical Bay Farm"
"1260",2022-09-13,60.7870833333333,"Vertical Bay Farm"
"1261",2022-09-14,60.81875,"Vertical Bay Farm"
"1262",2022-09-15,60.1304166666667,"Vertical Bay Farm"
"1263",2022-09-16,59.5558333333333,"Vertical Bay Farm"
"1264",2022-09-17,59.5770833333333,"Vertical Bay Farm"
"1265",2022-09-18,59.9641666666667,"Vertical Bay Farm"
"1266",2022-09-19,60.2858333333333,"Vertical Bay Farm"
"1267",2022-09-20,59.8775,"Vertical Bay Farm"
"1268",2022-09-21,59.5554166666667,"Vertical Bay Farm"
"1269",2022-09-22,59.7175,"Vertical Bay Farm"
"1270",2022-09-23,59.0745833333333,"Vertical Bay Farm"
"1271",2022-09-24,58.4658333333333,"Vertical Bay Farm"
"1272",2022-09-25,58.5054166666667,"Vertical Bay Farm"
"1273",2022-09-26,59.0408333333333,"Vertical Bay Farm"
"1274",2022-09-27,59.2695833333333,"Vertical Bay Farm"
"1275",2022-09-28,59.38375,"Vertical Bay Farm"
"1276",2022-09-29,59.2683333333333,"Vertical Bay Farm"
"1277",2022-09-30,59.03625,"Vertical Bay Farm"
"1278",2022-10-01,58.8008333333333,"Vertical Bay Farm"
"1279",2022-10-02,58.47375,"Vertical Bay Farm"
"1280",2022-10-03,57.97625,"Vertical Bay Farm"
"1281",2022-10-04,58.0308333333333,"Vertical Bay Farm"
"1282",2022-10-05,58.0158333333333,"Vertical Bay Farm"
"1283",2022-10-06,58.11625,"Vertical Bay Farm"
"1284",2022-10-07,58.2570833333333,"Vertical Bay Farm"
"1285",2022-10-08,58.02625,"Vertical Bay Farm"
"1286",2022-10-09,57.7995833333333,"Vertical Bay Farm"
"1287",2022-10-10,57.5875,"Vertical Bay Farm"
"1288",2022-10-11,57.4483333333333,"Vertical Bay Farm"
"1289",2022-10-12,57.5525,"Vertical Bay Farm"
"1290",2022-10-13,57.73625,"Vertical Bay Farm"
"1291",2022-10-14,57.7475,"Vertical Bay Farm"
"1292",2022-10-15,57.9441666666667,"Vertical Bay Farm"
"1293",2022-10-16,58.1104166666667,"Vertical Bay Farm"
"1294",2022-10-17,58.1104166666667,"Vertical Bay Farm"
"1295",2022-10-18,58.1404166666667,"Vertical Bay Farm"
"1296",2022-10-19,58.22375,"Vertical Bay Farm"
"1297",2022-10-20,57.9366666666667,"Vertical Bay Farm"
"1298",2022-10-21,57.58125,"Vertical Bay Farm"
"1299",2022-10-22,57.4975,"Vertical Bay Farm"
"1300",2022-10-23,57.4316666666667,"Vertical Bay Farm"
"1301",2022-10-24,57.3845833333333,"Vertical Bay Farm"
"1302",2022-10-25,57.3454166666667,"Vertical Bay Farm"
"1303",2022-10-26,57.4316666666667,"Vertical Bay Farm"
"1304",2022-10-27,57.35,"Vertical Bay Farm"
"1305",2022-10-28,56.815,"Vertical Bay Farm"
"1306",2022-10-29,56.76125,"Vertical Bay Farm"
"1307",2022-10-30,56.7708333333333,"Vertical Bay Farm"
"1308",2022-10-31,56.71375,"Vertical Bay Farm"
"1309",2022-11-01,56.7283333333333,"Vertical Bay Farm"
"1310",2022-11-02,56.7825,"Vertical Bay Farm"
"1311",2022-11-03,56.5158333333333,"Vertical Bay Farm"
"1312",2022-11-04,56.4420833333333,"Vertical Bay Farm"
"1313",2022-11-05,56.5791666666667,"Vertical Bay Farm"
"1314",2022-11-06,56.91,"Vertical Bay Farm"
"1315",2022-11-07,57.15125,"Vertical Bay Farm"
"1316",2022-11-08,56.5258333333333,"Vertical Bay Farm"
"1317",2022-11-09,55.8408333333333,"Vertical Bay Farm"
"1318",2022-11-10,55.5016666666667,"Vertical Bay Farm"
"1319",2022-11-11,55.4779166666667,"Vertical Bay Farm"
"1320",2022-11-12,55.92375,"Vertical Bay Farm"
"1321",2022-11-13,55.7779166666667,"Vertical Bay Farm"
"1322",2022-11-14,55.33625,"Vertical Bay Farm"
"1323",2022-11-15,55.4191666666667,"Vertical Bay Farm"
"1324",2022-11-16,54.7470833333333,"Vertical Bay Farm"
"1325",2022-11-17,54.44625,"Vertical Bay Farm"
"1326",2022-11-18,54.6870833333333,"Vertical Bay Farm"
"1327",2022-11-19,54.1433333333333,"Vertical Bay Farm"
"1328",2022-11-20,53.55625,"Vertical Bay Farm"
"1329",2022-11-21,52.71,"Vertical Bay Farm"
"1330",2022-11-22,52.255,"Vertical Bay Farm"
"1331",2022-11-23,52.0641666666667,"Vertical Bay Farm"
"1332",2022-11-24,52.09875,"Vertical Bay Farm"
"1333",2022-11-25,51.9016666666667,"Vertical Bay Farm"
"1334",2022-11-26,51.9041666666667,"Vertical Bay Farm"
"1335",2022-11-27,51.7908333333333,"Vertical Bay Farm"
"1336",2022-11-28,51.6866666666667,"Vertical Bay Farm"
"1337",2022-11-29,50.6670833333333,"Vertical Bay Farm"
"1338",2022-11-30,51.0195833333333,"Vertical Bay Farm"
"1339",2022-12-01,50.8566666666667,"Vertical Bay Farm"
"1340",2022-12-02,50.7758333333333,"Vertical Bay Farm"
"1341",2022-12-03,50.1441666666667,"Vertical Bay Farm"
"1342",2022-12-04,50.2304166666667,"Vertical Bay Farm"
"1343",2022-12-05,49.51875,"Vertical Bay Farm"
"1344",2022-12-06,49.4154166666667,"Vertical Bay Farm"
"1345",2022-12-07,49.31375,"Vertical Bay Farm"
"1346",2022-12-08,49.55125,"Vertical Bay Farm"
"1347",2022-12-09,49.3929166666667,"Vertical Bay Farm"
"1348",2022-12-10,48.9591666666667,"Vertical Bay Farm"
"1349",2022-12-11,48.2725,"Vertical Bay Farm"
"1350",2022-12-12,47.8354166666667,"Vertical Bay Farm"
"1351",2022-12-13,48.3025,"Vertical Bay Farm"
"1352",2022-12-14,48.3995833333333,"Vertical Bay Farm"
"1353",2022-12-15,48.1425,"Vertical Bay Farm"
"1354",2022-12-16,47.9725,"Vertical Bay Farm"
"1355",2022-12-17,47.75875,"Vertical Bay Farm"
"1356",2022-12-18,47.5470833333333,"Vertical Bay Farm"
"1357",2022-12-19,47.3704166666667,"Vertical Bay Farm"
"1358",2022-12-20,46.98625,"Vertical Bay Farm"
"1359",2022-12-21,46.46625,"Vertical Bay Farm"
"1360",2022-12-22,46.4304166666667,"Vertical Bay Farm"
"1361",2022-12-23,46.08,"Vertical Bay Farm"
"1362",2022-12-24,45.13625,"Vertical Bay Farm"
"1363",2022-12-25,44.1008333333333,"Vertical Bay Farm"
"1364",2022-12-26,43.9991666666667,"Vertical Bay Farm"
"1365",2022-12-27,43.4325,"Vertical Bay Farm"
"1366",2022-12-28,43.08375,"Vertical Bay Farm"
"1367",2022-12-29,43.16125,"Vertical Bay Farm"
"1368",2022-12-30,43.7054166666667,"Vertical Bay Farm"
"1369",2022-12-31,43.885,"Vertical Bay Farm"
"1370",2023-01-01,44.09125,"Vertical Bay Farm"
"1371",2023-01-02,44.3920833333333,"Vertical Bay Farm"
"1372",2023-01-03,44.5516666666667,"Vertical Bay Farm"
"1373",2023-01-04,44.5595833333333,"Vertical Bay Farm"
"1374",2023-01-05,44.2070833333333,"Vertical Bay Farm"
"1375",2023-01-06,43.9441666666667,"Vertical Bay Farm"
"1376",2023-01-07,43.7641666666667,"Vertical Bay Farm"
"1377",2023-01-08,44.1058333333333,"Vertical Bay Farm"
"1378",2023-01-09,43.94,"Vertical Bay Farm"
"1379",2023-01-10,43.8879166666667,"Vertical Bay Farm"
"1380",2023-01-11,43.18125,"Vertical Bay Farm"
"1381",2023-01-12,42.9741666666667,"Vertical Bay Farm"
"1382",2023-01-13,43.39625,"Vertical Bay Farm"
"1383",2023-01-14,43.1483333333333,"Vertical Bay Farm"
"1384",2023-01-15,42.0795833333333,"Vertical Bay Farm"
"1385",2023-01-16,41.4225,"Vertical Bay Farm"
"1386",2023-01-17,41.8575,"Vertical Bay Farm"
"1387",2023-01-18,42.3325,"Vertical Bay Farm"
"1388",2023-01-19,42.0508333333333,"Vertical Bay Farm"
"1389",2023-01-20,41.785,"Vertical Bay Farm"
"1390",2023-01-21,41.3954166666667,"Vertical Bay Farm"
"1391",2023-01-22,41.4270833333333,"Vertical Bay Farm"
"1392",2023-01-23,41.1508333333333,"Vertical Bay Farm"
"1393",2023-01-24,41.1641666666667,"Vertical Bay Farm"
"1394",2023-01-25,41.0529166666667,"Vertical Bay Farm"
"1395",2023-01-26,41.0691666666667,"Vertical Bay Farm"
"1396",2023-01-27,40.8033333333333,"Vertical Bay Farm"
"1397",2023-01-28,40.72625,"Vertical Bay Farm"
"1398",2023-01-29,40.785,"Vertical Bay Farm"
"1399",2023-01-30,40.8416666666667,"Vertical Bay Farm"
"1400",2023-01-31,40.5291666666667,"Vertical Bay Farm"
"1401",2023-02-01,40.7795833333333,"Vertical Bay Farm"
"1402",2023-02-02,40.8245833333333,"Vertical Bay Farm"
"1403",2023-02-03,40.4891666666667,"Vertical Bay Farm"
"1404",2023-02-04,39.53125,"Vertical Bay Farm"
"1405",2023-02-05,39.1316666666667,"Vertical Bay Farm"
"1406",2023-02-06,39.21875,"Vertical Bay Farm"
"1407",2023-02-07,39.3908333333333,"Vertical Bay Farm"
"1408",2023-02-08,39.78125,"Vertical Bay Farm"
"1409",2023-02-09,39.8904166666667,"Vertical Bay Farm"
"1410",2023-02-10,40.0141666666667,"Vertical Bay Farm"
"1411",2023-02-11,40.2183333333333,"Vertical Bay Farm"
"1412",2023-02-12,40.0608333333333,"Vertical Bay Farm"
"1413",2023-02-13,40.0165217391304,"Vertical Bay Farm"
"1414",2022-11-03,56.7188888888889,"Vertical Bay Farm"
"1415",2022-11-04,56.5166666666667,"Vertical Bay Farm"
"1416",2022-11-05,56.6008333333333,"Vertical Bay Farm"
"1417",2022-11-06,56.8708333333333,"Vertical Bay Farm"
"1418",2022-11-07,57.075,"Vertical Bay Farm"
"1419",2022-11-08,56.5625,"Vertical Bay Farm"
"1420",2022-11-09,55.95375,"Vertical Bay Farm"
"1421",2022-11-10,55.4908333333333,"Vertical Bay Farm"
"1422",2022-11-11,55.46625,"Vertical Bay Farm"
"1423",2022-11-12,55.8783333333333,"Vertical Bay Farm"
"1424",2022-11-13,55.7520833333333,"Vertical Bay Farm"
"1425",2022-11-14,55.3829166666667,"Vertical Bay Farm"
"1426",2022-11-15,55.5095833333333,"Vertical Bay Farm"
"1427",2022-11-16,54.8895833333333,"Vertical Bay Farm"
"1428",2022-11-17,54.5354166666667,"Vertical Bay Farm"
"1429",2022-11-18,54.82875,"Vertical Bay Farm"
"1430",2022-11-19,54.5433333333333,"Vertical Bay Farm"
"1431",2022-11-20,54.0420833333333,"Vertical Bay Farm"
"1432",2022-11-21,53.0804166666667,"Vertical Bay Farm"
"1433",2022-11-22,52.34,"Vertical Bay Farm"
"1434",2022-11-23,52.2916666666667,"Vertical Bay Farm"
"1435",2022-11-24,52.28625,"Vertical Bay Farm"
"1436",2022-11-25,52.0204166666667,"Vertical Bay Farm"
"1437",2022-11-26,51.9091666666667,"Vertical Bay Farm"
"1438",2022-11-27,51.8154166666667,"Vertical Bay Farm"
"1439",2022-11-28,51.7266666666667,"Vertical Bay Farm"
"1440",2022-11-29,51.3575,"Vertical Bay Farm"
"1441",2022-11-30,51.1233333333333,"Vertical Bay Farm"
"1442",2022-12-01,50.9283333333333,"Vertical Bay Farm"
"1443",2022-12-02,50.9283333333333,"Vertical Bay Farm"
"1444",2022-12-03,50.4233333333333,"Vertical Bay Farm"
"1445",2022-12-04,50.36375,"Vertical Bay Farm"
"1446",2022-12-05,49.8645833333333,"Vertical Bay Farm"
"1447",2022-12-06,49.54375,"Vertical Bay Farm"
"1448",2022-12-07,49.4033333333333,"Vertical Bay Farm"
"1449",2022-12-08,49.7241666666667,"Vertical Bay Farm"
"1450",2022-12-09,49.62625,"Vertical Bay Farm"
"1451",2022-12-10,49.0925,"Vertical Bay Farm"
"1452",2022-12-11,48.3508333333333,"Vertical Bay Farm"
"1453",2022-12-12,47.9225,"Vertical Bay Farm"
"1454",2022-12-13,48.4633333333333,"Vertical Bay Farm"
"1455",2022-12-14,48.4741666666667,"Vertical Bay Farm"
"1456",2022-12-15,48.2345833333333,"Vertical Bay Farm"
"1457",2022-12-16,48.06,"Vertical Bay Farm"
"1458",2022-12-17,47.82625,"Vertical Bay Farm"
"1459",2022-12-18,47.6116666666667,"Vertical Bay Farm"
"1460",2022-12-19,47.5020833333333,"Vertical Bay Farm"
"1461",2022-12-20,47.105,"Vertical Bay Farm"
"1462",2022-12-21,46.56875,"Vertical Bay Farm"
"1463",2022-12-22,46.5395833333333,"Vertical Bay Farm"
"1464",2022-12-23,46.165,"Vertical Bay Farm"
"1465",2022-12-24,45.2458333333333,"Vertical Bay Farm"
"1466",2022-12-25,44.5704166666667,"Vertical Bay Farm"
"1467",2022-12-26,44.2045833333333,"Vertical Bay Farm"
"1468",2022-12-27,43.74375,"Vertical Bay Farm"
"1469",2022-12-28,43.4291666666667,"Vertical Bay Farm"
"1470",2022-12-29,43.6608333333333,"Vertical Bay Farm"
"1471",2022-12-30,43.9908333333333,"Vertical Bay Farm"
"1472",2022-12-31,44.2316666666667,"Vertical Bay Farm"
"1473",2023-01-01,44.1775,"Vertical Bay Farm"
"1474",2023-01-02,44.5066666666667,"Vertical Bay Farm"
"1475",2023-01-03,44.6345833333333,"Vertical Bay Farm"
"1476",2023-01-04,44.7225,"Vertical Bay Farm"
"1477",2023-01-05,44.4008333333333,"Vertical Bay Farm"
"1478",2023-01-06,44.1733333333333,"Vertical Bay Farm"
"1479",2023-01-07,43.9641666666667,"Vertical Bay Farm"
"1480",2023-01-08,44.2345833333333,"Vertical Bay Farm"
"1481",2023-01-09,44.1516666666667,"Vertical Bay Farm"
"1482",2023-01-10,44.1429166666667,"Vertical Bay Farm"
"1483",2023-01-11,43.51375,"Vertical Bay Farm"
"1484",2023-01-12,43.1908333333333,"Vertical Bay Farm"
"1485",2023-01-13,43.4595833333333,"Vertical Bay Farm"
"1486",2023-01-14,43.2625,"Vertical Bay Farm"
"1487",2023-01-15,42.20125,"Vertical Bay Farm"
"1488",2023-01-16,41.53375,"Vertical Bay Farm"
"1489",2023-01-17,41.80125,"Vertical Bay Farm"
"1490",2023-01-18,42.3266666666667,"Vertical Bay Farm"
"1491",2023-01-19,42.13625,"Vertical Bay Farm"
"1492",2023-01-20,41.88125,"Vertical Bay Farm"
"1493",2023-01-21,41.4858333333333,"Vertical Bay Farm"
"1494",2023-01-22,41.455,"Vertical Bay Farm"
"1495",2023-01-23,41.22375,"Vertical Bay Farm"
"1496",2023-01-24,41.2058333333333,"Vertical Bay Farm"
"1497",2023-01-25,41.1308333333333,"Vertical Bay Farm"
"1498",2023-01-26,41.14875,"Vertical Bay Farm"
"1499",2023-01-27,40.86625,"Vertical Bay Farm"
"1500",2023-01-28,40.8329166666667,"Vertical Bay Farm"
"1501",2023-01-29,40.8483333333333,"Vertical Bay Farm"
"1502",2023-01-30,40.86625,"Vertical Bay Farm"
"1503",2023-01-31,40.7108333333333,"Vertical Bay Farm"
"1504",2023-02-01,40.89625,"Vertical Bay Farm"
"1505",2023-02-02,41.1141666666667,"Vertical Bay Farm"
"1506",2023-02-03,40.6041666666667,"Vertical Bay Farm"
"1507",2023-02-04,39.93875,"Vertical Bay Farm"
"1508",2023-02-05,39.4254166666667,"Vertical Bay Farm"
"1509",2023-02-06,39.4491666666667,"Vertical Bay Farm"
"1510",2023-02-07,39.6779166666667,"Vertical Bay Farm"
"1511",2023-02-08,39.9066666666667,"Vertical Bay Farm"
"1512",2023-02-09,40.0325,"Vertical Bay Farm"
"1513",2023-02-10,40.0883333333333,"Vertical Bay Farm"
"1514",2023-02-11,40.3070833333333,"Vertical Bay Farm"
"1515",2023-02-12,40.20125,"Vertical Bay Farm"
"1516",2023-02-13,40.1429166666667,"Vertical Bay Farm"
"1517",2023-02-14,40.0183333333333,"Vertical Bay Farm"
"1518",2023-02-15,40.1275,"Vertical Bay Farm"
"1519",2023-02-16,40.185,"Vertical Bay Farm"
"1520",2023-02-17,40.2766666666667,"Vertical Bay Farm"
"1521",2023-02-18,39.965,"Vertical Bay Farm"
"1522",2023-02-19,39.87875,"Vertical Bay Farm"
"1523",2023-02-20,39.9675,"Vertical Bay Farm"
"1524",2023-02-21,39.9975,"Vertical Bay Farm"
"1525",2023-02-22,40.0004166666667,"Vertical Bay Farm"
"1526",2023-02-23,39.8295833333333,"Vertical Bay Farm"
"1527",2023-02-24,39.51,"Vertical Bay Farm"
"1528",2023-02-25,39.1445833333333,"Vertical Bay Farm"
"1529",2023-02-26,39.1854166666667,"Vertical Bay Farm"
"1530",2023-02-27,39.3495833333333,"Vertical Bay Farm"
"1531",2023-02-28,39.2791666666667,"Vertical Bay Farm"
"1532",2023-03-01,39.0291666666667,"Vertical Bay Farm"
"1533",2023-03-02,39.285,"Vertical Bay Farm"
"1534",2023-03-03,39.4866666666667,"Vertical Bay Farm"
"1535",2023-03-04,39.3933333333333,"Vertical Bay Farm"
"1536",2023-03-05,39.37375,"Vertical Bay Farm"
"1537",2023-03-06,39.4025,"Vertical Bay Farm"
"1538",2023-03-07,39.3095833333333,"Vertical Bay Farm"
"1539",2023-03-08,39.2708333333333,"Vertical Bay Farm"
"1540",2023-03-09,39.3395833333333,"Vertical Bay Farm"
"1541",2023-03-10,39.3179166666667,"Vertical Bay Farm"
"1542",2023-03-11,39.3291666666667,"Vertical Bay Farm"
"1543",2023-03-12,39.2745833333333,"Vertical Bay Farm"
"1544",2023-03-13,39.4116666666667,"Vertical Bay Farm"
"1545",2023-03-14,39.39125,"Vertical Bay Farm"
"1546",2023-03-15,38.945,"Vertical Bay Farm"
"1547",2023-03-16,39.1958333333333,"Vertical Bay Farm"
"1548",2023-03-17,39.2045833333333,"Vertical Bay Farm"
"1549",2023-03-18,39.15375,"Vertical Bay Farm"
"1550",2023-03-19,39.0870833333333,"Vertical Bay Farm"
"1551",2023-03-20,39.0170833333333,"Vertical Bay Farm"
"1552",2023-03-21,39.1620833333333,"Vertical Bay Farm"
"1553",2023-03-22,39.28,"Vertical Bay Farm"
"1554",2023-03-23,39.465,"Vertical Bay Farm"
"1555",2023-03-24,39.5054166666667,"Vertical Bay Farm"
"1556",2023-03-25,39.5308333333333,"Vertical Bay Farm"
"1557",2023-03-26,39.5033333333333,"Vertical Bay Farm"
"1558",2023-03-27,39.6683333333333,"Vertical Bay Farm"
"1559",2023-03-28,39.7566666666667,"Vertical Bay Farm"
"1560",2023-03-29,39.9054166666667,"Vertical Bay Farm"
"1561",2023-03-30,39.97625,"Vertical Bay Farm"
"1562",2023-03-31,40.075,"Vertical Bay Farm"
"1563",2023-04-01,40.0625,"Vertical Bay Farm"
"1564",2023-04-02,40.1258333333333,"Vertical Bay Farm"
"1565",2023-04-03,40.3033333333333,"Vertical Bay Farm"
"1566",2023-04-04,40.4591666666667,"Vertical Bay Farm"
"1567",2023-04-05,40.56125,"Vertical Bay Farm"
"1568",2023-04-06,40.5741666666667,"Vertical Bay Farm"
"1569",2023-04-07,40.75625,"Vertical Bay Farm"
"1570",2023-04-08,40.94875,"Vertical Bay Farm"
"1571",2023-04-09,41.1008333333333,"Vertical Bay Farm"
"1572",2023-04-10,41.1225,"Vertical Bay Farm"
"1573",2023-04-11,41.3529166666667,"Vertical Bay Farm"
"1574",2023-04-12,41.3879166666667,"Vertical Bay Farm"
"1575",2023-04-13,41.47875,"Vertical Bay Farm"
"1576",2023-04-14,41.58375,"Vertical Bay Farm"
"1577",2023-04-15,41.6175,"Vertical Bay Farm"
"1578",2023-04-16,41.6941666666667,"Vertical Bay Farm"
"1579",2023-04-17,41.7495833333333,"Vertical Bay Farm"
"1580",2023-04-18,42.0145833333333,"Vertical Bay Farm"
"1581",2023-04-19,42.6095833333333,"Vertical Bay Farm"
"1582",2023-04-20,42.6895833333333,"Vertical Bay Farm"
"1583",2023-04-21,42.7970833333333,"Vertical Bay Farm"
"1584",2023-04-22,42.8479166666667,"Vertical Bay Farm"
"1585",2023-04-23,43.0804166666667,"Vertical Bay Farm"
"1586",2023-04-24,43.6533333333333,"Vertical Bay Farm"
"1587",2023-04-25,43.4995833333333,"Vertical Bay Farm"
"1588",2023-04-26,43.5275,"Vertical Bay Farm"
"1589",2023-04-27,43.5308333333333,"Vertical Bay Farm"
"1590",2023-04-28,43.5704166666667,"Vertical Bay Farm"
"1591",2023-04-29,43.58875,"Vertical Bay Farm"
"1592",2023-04-30,43.67125,"Vertical Bay Farm"
"1593",2023-05-01,44.0333333333333,"Vertical Bay Farm"
"1594",2023-05-02,44.7491666666667,"Vertical Bay Farm"
"1595",2023-05-03,45.39875,"Vertical Bay Farm"
"1596",2023-05-04,45.175,"Vertical Bay Farm"
"1597",2023-05-05,44.5020833333333,"Vertical Bay Farm"
"1598",2023-05-06,44.5079166666667,"Vertical Bay Farm"
"1599",2023-05-07,44.5120833333333,"Vertical Bay Farm"
"1600",2023-05-08,44.6545833333333,"Vertical Bay Farm"
"1601",2023-05-09,44.8870833333333,"Vertical Bay Farm"
"1602",2023-05-10,45.3022222222222,"Vertical Bay Farm"
"1603",2023-02-14,39.4455576923077,"Vertical Bay Farm"
"1604",2023-02-15,39.4607916666667,"Vertical Bay Farm"
"1605",2023-02-16,39.62153125,"Vertical Bay Farm"
"1606",2023-02-17,39.6916770833333,"Vertical Bay Farm"
"1607",2023-02-18,39.3115625,"Vertical Bay Farm"
"1608",2023-02-19,39.235125,"Vertical Bay Farm"
"1609",2023-02-20,39.36453125,"Vertical Bay Farm"
"1610",2023-02-21,39.37225,"Vertical Bay Farm"
"1611",2023-02-22,39.3370104166667,"Vertical Bay Farm"
"1612",2023-02-23,39.1328854166667,"Vertical Bay Farm"
"1613",2023-02-24,38.83178125,"Vertical Bay Farm"
"1614",2023-02-25,38.54828125,"Vertical Bay Farm"
"1615",2023-02-26,38.5639166666667,"Vertical Bay Farm"
"1616",2023-02-27,38.6623645833333,"Vertical Bay Farm"
"1617",2023-02-28,38.5363645833333,"Vertical Bay Farm"
"1618",2023-03-01,38.4652604166667,"Vertical Bay Farm"
"1619",2023-03-02,38.652625,"Vertical Bay Farm"
"1620",2023-03-03,38.8631875,"Vertical Bay Farm"
"1621",2023-03-04,38.6703229166667,"Vertical Bay Farm"
"1622",2023-03-05,38.7668125,"Vertical Bay Farm"
"1623",2023-03-06,38.7274375,"Vertical Bay Farm"
"1624",2023-03-07,38.64475,"Vertical Bay Farm"
"1625",2023-03-08,38.61521875,"Vertical Bay Farm"
"1626",2023-03-09,38.65853125,"Vertical Bay Farm"
"1627",2023-03-10,38.692,"Vertical Bay Farm"
"1628",2023-03-11,38.70971875,"Vertical Bay Farm"
"1629",2023-03-12,38.6644375,"Vertical Bay Farm"
"1630",2023-03-13,38.7904375,"Vertical Bay Farm"
"1631",2023-03-14,38.7195625,"Vertical Bay Farm"
"1632",2023-03-15,38.2955625,"Vertical Bay Farm"
"1633",2023-03-16,38.585625,"Vertical Bay Farm"
"1634",2023-03-17,38.6191041666667,"Vertical Bay Farm"
"1635",2023-03-18,38.5461979166667,"Vertical Bay Farm"
"1636",2023-03-19,38.4613645833333,"Vertical Bay Farm"
"1637",2023-03-20,38.38825,"Vertical Bay Farm"
"1638",2023-03-21,38.6053125,"Vertical Bay Farm"
"1639",2023-03-22,38.7097083333333,"Vertical Bay Farm"
"1640",2023-03-23,38.87115625,"Vertical Bay Farm"
"1641",2023-03-24,38.873125,"Vertical Bay Farm"
"1642",2023-03-25,38.8613125,"Vertical Bay Farm"
"1643",2023-03-26,38.857375,"Vertical Bay Farm"
"1644",2023-03-27,39.058125,"Vertical Bay Farm"
"1645",2023-03-28,39.1388229166667,"Vertical Bay Farm"
"1646",2023-03-29,39.291375,"Vertical Bay Farm"
"1647",2023-03-30,39.3585625,"Vertical Bay Farm"
"1648",2023-03-31,39.40371875,"Vertical Bay Farm"
"1649",2023-04-01,39.39384375,"Vertical Bay Farm"
"1650",2023-04-02,39.4803645833333,"Vertical Bay Farm"
"1651",2023-04-03,39.68790625,"Vertical Bay Farm"
"1652",2023-04-04,39.8184375,"Vertical Bay Farm"
"1653",2023-04-05,39.9041458333333,"Vertical Bay Farm"
"1654",2023-04-06,39.9489479166667,"Vertical Bay Farm"
"1655",2023-04-07,40.0736145833333,"Vertical Bay Farm"
"1656",2023-04-08,40.2939375,"Vertical Bay Farm"
"1657",2023-04-09,40.469375,"Vertical Bay Farm"
"1658",2023-04-10,40.59196875,"Vertical Bay Farm"
"1659",2023-04-11,40.7284479166667,"Vertical Bay Farm"
"1660",2023-04-12,40.77315625,"Vertical Bay Farm"
"1661",2023-04-13,40.84059375,"Vertical Bay Farm"
"1662",2023-04-14,40.9605,"Vertical Bay Farm"
"1663",2023-04-15,41.0070208333333,"Vertical Bay Farm"
"1664",2023-04-16,41.1116666666667,"Vertical Bay Farm"
"1665",2023-04-17,41.2934270833333,"Vertical Bay Farm"
"1666",2023-04-18,41.4814270833333,"Vertical Bay Farm"
"1667",2023-04-19,42.0287395833333,"Vertical Bay Farm"
"1668",2023-04-20,42.0730833333333,"Vertical Bay Farm"
"1669",2023-04-21,42.14028125,"Vertical Bay Farm"
"1670",2023-04-22,42.2325833333333,"Vertical Bay Farm"
"1671",2023-04-23,42.5606770833333,"Vertical Bay Farm"
"1672",2023-04-24,42.9437708333333,"Vertical Bay Farm"
"1673",2023-04-25,42.8291041666667,"Vertical Bay Farm"
"1674",2023-04-26,42.84825,"Vertical Bay Farm"
"1675",2023-04-27,42.8750208333333,"Vertical Bay Farm"
"1676",2023-04-28,42.8885,"Vertical Bay Farm"
"1677",2023-04-29,42.9420729166667,"Vertical Bay Farm"
"1678",2023-04-30,43.1673645833333,"Vertical Bay Farm"
"1679",2023-05-01,43.3180208333333,"Vertical Bay Farm"
"1680",2023-05-02,44.23771875,"Vertical Bay Farm"
"1681",2023-05-03,44.69978125,"Vertical Bay Farm"
"1682",2023-05-04,44.5043854166667,"Vertical Bay Farm"
"1683",2023-05-05,43.883375,"Vertical Bay Farm"
"1684",2023-05-06,43.8301458333333,"Vertical Bay Farm"
"1685",2023-05-07,43.99384375,"Vertical Bay Farm"
"1686",2023-05-08,44.04115625,"Vertical Bay Farm"
"1687",2023-05-09,44.1720625,"Vertical Bay Farm"
"1688",2023-05-10,44.7403939393939,"Vertical Bay Farm"
"1689",2023-05-10,45.168875,"Vertical Bay Farm"
"1690",2023-05-11,45.2844875,"Vertical Bay Farm"
"1691",2023-05-12,45.1541875,"Vertical Bay Farm"
"1692",2023-05-13,45.253125,"Vertical Bay Farm"
"1693",2023-05-14,45.0293125,"Vertical Bay Farm"
"1694",2023-05-15,45.3349875,"Vertical Bay Farm"
"1695",2023-05-16,45.9879625,"Vertical Bay Farm"
"1696",2023-05-17,45.4640875,"Vertical Bay Farm"
"1697",2023-05-18,45.2690875,"Vertical Bay Farm"
"1698",2023-05-19,46.3890625,"Vertical Bay Farm"
"1699",2023-05-20,46.9666125,"Vertical Bay Farm"
"1700",2023-05-21,47.5586125,"Vertical Bay Farm"
"1701",2023-05-22,47.9715125,"Vertical Bay Farm"
"1702",2023-05-23,48.38695,"Vertical Bay Farm"
"1703",2023-05-24,48.4543125,"Vertical Bay Farm"
"1704",2023-05-25,48.4104125,"Vertical Bay Farm"
"1705",2023-05-26,47.592325,"Vertical Bay Farm"
"1706",2023-05-27,47.4159625,"Vertical Bay Farm"
"1707",2023-05-28,48.4636875,"Vertical Bay Farm"
"1708",2023-05-29,48.5022,"Vertical Bay Farm"
"1709",2023-05-30,48.70805,"Vertical Bay Farm"
"1710",2023-05-31,51.3464375,"Vertical Bay Farm"
"1711",2023-06-01,51.6850375,"Vertical Bay Farm"
"1712",2023-06-02,50.51415,"Vertical Bay Farm"
"1713",2023-06-03,49.3042125,"Vertical Bay Farm"
"1714",2023-06-04,48.2319875,"Vertical Bay Farm"
"1715",2023-06-05,47.86025,"Vertical Bay Farm"
"1716",2023-06-06,47.7419125,"Vertical Bay Farm"
"1717",2023-06-07,47.8788125,"Vertical Bay Farm"
"1718",2023-06-08,47.88215,"Vertical Bay Farm"
"1719",2023-06-09,47.965825,"Vertical Bay Farm"
"1720",2023-06-10,48.2166125,"Vertical Bay Farm"
"1721",2023-06-11,48.3521625,"Vertical Bay Farm"
"1722",2023-06-12,48.4508125,"Vertical Bay Farm"
"1723",2023-06-13,48.5068875,"Vertical Bay Farm"
"1724",2023-06-14,48.548875,"Vertical Bay Farm"
"1725",2023-06-15,48.7819625,"Vertical Bay Farm"
"1726",2023-06-16,48.7942625,"Vertical Bay Farm"
"1727",2023-06-17,48.88485,"Vertical Bay Farm"
"1728",2023-06-18,49.100425,"Vertical Bay Farm"
"1729",2023-06-19,49.355775,"Vertical Bay Farm"
"1730",2023-06-20,49.5343625,"Vertical Bay Farm"
"1731",2023-06-21,49.7315125,"Vertical Bay Farm"
"1732",2023-06-22,49.8285375,"Vertical Bay Farm"
"1733",2023-06-23,49.9822,"Vertical Bay Farm"
"1734",2023-06-24,50.080125,"Vertical Bay Farm"
"1735",2023-06-25,50.2121,"Vertical Bay Farm"
"1736",2023-06-26,50.3220625,"Vertical Bay Farm"
"1737",2023-06-27,50.1899875,"Vertical Bay Farm"
"1738",2023-06-28,50.6090625,"Vertical Bay Farm"
"1739",2023-06-29,51.2964125,"Vertical Bay Farm"
"1740",2023-06-30,50.9082,"Vertical Bay Farm"
"1741",2023-07-01,50.8854,"Vertical Bay Farm"
"1742",2023-07-02,50.924925,"Vertical Bay Farm"
"1743",2023-07-03,51.0088875,"Vertical Bay Farm"
"1744",2023-07-04,51.242775,"Vertical Bay Farm"
"1745",2023-07-05,51.5689625,"Vertical Bay Farm"
"1746",2023-07-06,51.6857125,"Vertical Bay Farm"
"1747",2023-07-07,51.895425,"Vertical Bay Farm"
"1748",2023-07-08,52.2339125,"Vertical Bay Farm"
"1749",2023-07-09,52.0316625,"Vertical Bay Farm"
"1750",2023-07-10,52.1092875,"Vertical Bay Farm"
"1751",2023-07-11,52.1456125,"Vertical Bay Farm"
"1752",2023-07-12,52.286325,"Vertical Bay Farm"
"1753",2023-07-13,52.5552125,"Vertical Bay Farm"
"1754",2023-07-14,52.7712,"Vertical Bay Farm"
"1755",2023-07-15,52.883975,"Vertical Bay Farm"
"1756",2023-07-16,52.97795,"Vertical Bay Farm"
"1757",2023-07-17,53.7420125,"Vertical Bay Farm"
"1758",2023-07-18,53.272275,"Vertical Bay Farm"
"1759",2023-07-19,53.10155,"Vertical Bay Farm"
"1760",2023-07-20,53.0778875,"Vertical Bay Farm"
"1761",2023-07-21,53.091975,"Vertical Bay Farm"
"1762",2023-07-22,53.10975,"Vertical Bay Farm"
"1763",2023-07-23,53.1386375,"Vertical Bay Farm"
"1764",2023-07-24,53.20815,"Vertical Bay Farm"
"1765",2023-07-25,53.20215,"Vertical Bay Farm"
"1766",2023-07-26,53.310875,"Vertical Bay Farm"
"1767",2023-07-27,53.28685,"Vertical Bay Farm"
"1768",2023-07-28,53.276475,"Vertical Bay Farm"
"1769",2023-07-29,53.165275,"Vertical Bay Farm"
"1770",2023-07-30,52.9487125,"Vertical Bay Farm"
"1771",2023-07-31,53.0070375,"Vertical Bay Farm"
"1772",2023-08-01,53.5661125,"Vertical Bay Farm"
"1773",2023-08-02,53.900475,"Vertical Bay Farm"
"1774",2023-08-03,54.3323125,"Vertical Bay Farm"
"1775",2023-08-04,55.4913875,"Vertical Bay Farm"
"1776",2023-08-05,55.7556375,"Vertical Bay Farm"
"1777",2023-08-06,55.16475,"Vertical Bay Farm"
"1778",2023-08-07,55.2389627906977,"Vertical Bay Farm"
